[{"model": "portfolioPWEB.licenciatura", "pk": 2, "fields": {"nome": "Informática de Gestão", "descricao": "A Licenciatura em Informática de Gestão tem como objetivo formar profissionais capazes de integrar conhecimentos de informática e gestão, preparando-os para responder às necessidades das organizações no contexto digital. O curso combina áreas como programação, bases de dados, sistemas de informação e análise de negócio, permitindo aos estudantes desenvolver soluções tecnológicas orientadas à gestão e à tomada de decisão. Ao longo da formação, são adquiridas competências técnicas e analíticas que facilitam a adaptação a diferentes contextos empresariais e tecnológicos.", "creditos": 180, "semestres": 6, "formato": "Presencial", "website": "https://www.ulusofona.pt/lisboa/licenciaturas/informatica-de-gestao", "faculdade": "Universidade Lusófona"}}, {"model": "portfolioPWEB.docente", "pk": 1, "fields": {"codigo_docente": null, "nome": "Sofia Fernandes", "email": "sem_email@ulusofona.pt", "pagina_pessoal": "https://www.ulusofona.pt"}}, {"model": "portfolioPWEB.docente", "pk": 2, "fields": {"codigo_docente": null, "nome": "José Cascais Brás", "email": "sem_email@ulusofona.pt", "pagina_pessoal": "https://www.ulusofona.pt"}}, {"model": "portfolioPWEB.docente", "pk": 3, "fields": {"codigo_docente": null, "nome": "Bruno Cipriano, Rodrigo Correia", "email": "sem_email@ulusofona.pt", "pagina_pessoal": "https://www.ulusofona.pt"}}, {"model": "portfolioPWEB.docente", "pk": 4, "fields": {"codigo_docente": null, "nome": "Lúcio Studer, Martim Mourão Em parceria com Associação Nacional Glaucoma Pediátrico (ANGP)", "email": "sem_email@ulusofona.pt", "pagina_pessoal": "https://www.ulusofona.pt"}}, {"model": "portfolioPWEB.docente", "pk": 5, "fields": {"codigo_docente": null, "nome": "Rodrigo Correia Em parceria com Associação de Reformados, Pensionistas e Idosos de S. Julião do Tojal", "email": "sem_email@ulusofona.pt", "pagina_pessoal": "https://www.ulusofona.pt"}}, {"model": "portfolioPWEB.docente", "pk": 6, "fields": {"codigo_docente": null, "nome": "Maria Silva Em parceria com Laboratório de Engenharia Civil", "email": "sem_email@ulusofona.pt", "pagina_pessoal": "https://www.ulusofona.pt"}}, {"model": "portfolioPWEB.docente", "pk": 7, "fields": {"codigo_docente": null, "nome": "Pedro Alves Em parceria com Ares do Pinhal", "email": "sem_email@ulusofona.pt", "pagina_pessoal": "https://www.ulusofona.pt"}}, {"model": "portfolioPWEB.docente", "pk": 8, "fields": {"codigo_docente": null, "nome": "Pedro Alves Em parceria com ZERO – Associação Sistema Terrestre Sustentável", "email": "sem_email@ulusofona.pt", "pagina_pessoal": "https://www.ulusofona.pt"}}, {"model": "portfolioPWEB.docente", "pk": 9, "fields": {"codigo_docente": null, "nome": "Bruno Saraiva, Pedro Alves Em parceria com Departamento de Recursos Humanos Universidade Lusófona", "email": "sem_email@ulusofona.pt", "pagina_pessoal": "https://www.ulusofona.pt"}}, {"model": "portfolioPWEB.docente", "pk": 10, "fields": {"codigo_docente": null, "nome": "Pedro Alves, Sofia Naique Em parceria com Centro de Medicina de Reabilitação de Alcoitão", "email": "sem_email@ulusofona.pt", "pagina_pessoal": "https://www.ulusofona.pt"}}, {"model": "portfolioPWEB.docente", "pk": 11, "fields": {"codigo_docente": null, "nome": "Rui Santos", "email": "sem_email@ulusofona.pt", "pagina_pessoal": "https://www.ulusofona.pt"}}, {"model": "portfolioPWEB.docente", "pk": 12, "fields": {"codigo_docente": null, "nome": "José Cascais Brás Em parceria com CGI", "email": "sem_email@ulusofona.pt", "pagina_pessoal": "https://www.ulusofona.pt"}}, {"model": "portfolioPWEB.docente", "pk": 13, "fields": {"codigo_docente": null, "nome": "Iolanda Velho, Sofia Naique", "email": "sem_email@ulusofona.pt", "pagina_pessoal": "https://www.ulusofona.pt"}}, {"model": "portfolioPWEB.docente", "pk": 14, "fields": {"codigo_docente": null, "nome": "Daniel Fernandes, João Pedro Carvalho Em parceria com WavEC", "email": "sem_email@ulusofona.pt", "pagina_pessoal": "https://www.ulusofona.pt"}}, {"model": "portfolioPWEB.docente", "pk": 15, "fields": {"codigo_docente": null, "nome": "Fernando Angelino", "email": "sem_email@ulusofona.pt", "pagina_pessoal": "https://www.ulusofona.pt"}}, {"model": "portfolioPWEB.docente", "pk": 16, "fields": {"codigo_docente": null, "nome": "Daniel Silveira", "email": "sem_email@ulusofona.pt", "pagina_pessoal": "https://www.ulusofona.pt"}}, {"model": "portfolioPWEB.docente", "pk": 17, "fields": {"codigo_docente": null, "nome": "Lúcio Studer, Martijn Kuipers", "email": "sem_email@ulusofona.pt", "pagina_pessoal": "https://www.ulusofona.pt"}}, {"model": "portfolioPWEB.docente", "pk": 18, "fields": {"codigo_docente": null, "nome": "Rui Ribeiro Em parceria com Timestamp", "email": "sem_email@ulusofona.pt", "pagina_pessoal": "https://www.ulusofona.pt"}}, {"model": "portfolioPWEB.docente", "pk": 19, "fields": {"codigo_docente": null, "nome": "Luís Campos Em parceria com PDMFC", "email": "sem_email@ulusofona.pt", "pagina_pessoal": "https://www.ulusofona.pt"}}, {"model": "portfolioPWEB.docente", "pk": 20, "fields": {"codigo_docente": null, "nome": "Daniel Fernandes, João Pedro Carvalho", "email": "sem_email@ulusofona.pt", "pagina_pessoal": "https://www.ulusofona.pt"}}, {"model": "portfolioPWEB.docente", "pk": 21, "fields": {"codigo_docente": null, "nome": "Daniel Silveira, Martijn Kuipers", "email": "sem_email@ulusofona.pt", "pagina_pessoal": "https://www.ulusofona.pt"}}, {"model": "portfolioPWEB.docente", "pk": 22, "fields": {"codigo_docente": null, "nome": "Bruno Saraiva, Zuil Pirola", "email": "sem_email@ulusofona.pt", "pagina_pessoal": "https://www.ulusofona.pt"}}, {"model": "portfolioPWEB.docente", "pk": 23, "fields": {"codigo_docente": null, "nome": "Luís Gomes", "email": "sem_email@ulusofona.pt", "pagina_pessoal": "https://www.ulusofona.pt"}}, {"model": "portfolioPWEB.docente", "pk": 24, "fields": {"codigo_docente": null, "nome": "Pedro Perdigão Em parceria com IMOinvestor", "email": "sem_email@ulusofona.pt", "pagina_pessoal": "https://www.ulusofona.pt"}}, {"model": "portfolioPWEB.docente", "pk": 25, "fields": {"codigo_docente": null, "nome": "Pedro Perdigão Em parceria com IMOinvestor – FV", "email": "sem_email@ulusofona.pt", "pagina_pessoal": "https://www.ulusofona.pt"}}, {"model": "portfolioPWEB.docente", "pk": 26, "fields": {"codigo_docente": null, "nome": "Iolanda Velho, Lúcio Studer Em parceria com Hospital Santa Maria", "email": "sem_email@ulusofona.pt", "pagina_pessoal": "https://www.ulusofona.pt"}}, {"model": "portfolioPWEB.docente", "pk": 27, "fields": {"codigo_docente": null, "nome": "José Cascais Brás, Rui Ribeiro Em parceria com CGI TI Portugal", "email": "sem_email@ulusofona.pt", "pagina_pessoal": "https://www.ulusofona.pt"}}, {"model": "portfolioPWEB.docente", "pk": 28, "fields": {"codigo_docente": null, "nome": "Lúcio Studer, Martim Mourão", "email": "sem_email@ulusofona.pt", "pagina_pessoal": "https://www.ulusofona.pt"}}, {"model": "portfolioPWEB.docente", "pk": 29, "fields": {"codigo_docente": null, "nome": "Daniel Silveira, Pedro Serra", "email": "sem_email@ulusofona.pt", "pagina_pessoal": "https://www.ulusofona.pt"}}, {"model": "portfolioPWEB.docente", "pk": 30, "fields": {"codigo_docente": null, "nome": "Lúcio Studer Em parceria com Cruz Vermelha Portuguesa, Associação de Saude Mental do Algarve (ASMAL), Grupo de Intervenção e Reabilitação Activa (GIRA), Lar residencial e Centro de Atividades Ocupacionais (CRINABEL)", "email": "sem_email@ulusofona.pt", "pagina_pessoal": "https://www.ulusofona.pt"}}, {"model": "portfolioPWEB.docente", "pk": 31, "fields": {"codigo_docente": null, "nome": "Rui Ribeiro Em parceria com CyberS3c", "email": "sem_email@ulusofona.pt", "pagina_pessoal": "https://www.ulusofona.pt"}}, {"model": "portfolioPWEB.docente", "pk": 32, "fields": {"codigo_docente": null, "nome": "Rui Ribeiro Em parceria com Auren", "email": "sem_email@ulusofona.pt", "pagina_pessoal": "https://www.ulusofona.pt"}}, {"model": "portfolioPWEB.docente", "pk": 33, "fields": {"codigo_docente": null, "nome": "Lúcio Studer, Martim Mourão Em parceria com Faculdade de Engenharia e Federação Nacional de Regantes (FENAREG)", "email": "sem_email@ulusofona.pt", "pagina_pessoal": "https://www.ulusofona.pt"}}, {"model": "portfolioPWEB.docente", "pk": 34, "fields": {"codigo_docente": null, "nome": "Rui Ribeiro", "email": "sem_email@ulusofona.pt", "pagina_pessoal": "https://www.ulusofona.pt"}}, {"model": "portfolioPWEB.docente", "pk": 35, "fields": {"codigo_docente": null, "nome": "Houda Harkat, João Pedro Carvalho", "email": "sem_email@ulusofona.pt", "pagina_pessoal": "https://www.ulusofona.pt"}}, {"model": "portfolioPWEB.docente", "pk": 36, "fields": {"codigo_docente": null, "nome": "Rui Ribeiro Em parceria com Rainha do Caldo Verde", "email": "sem_email@ulusofona.pt", "pagina_pessoal": "https://www.ulusofona.pt"}}, {"model": "portfolioPWEB.docente", "pk": 37, "fields": {"codigo_docente": null, "nome": "Iolanda Velho Em parceria com Associação Ares do Pinhal", "email": "sem_email@ulusofona.pt", "pagina_pessoal": "https://www.ulusofona.pt"}}, {"model": "portfolioPWEB.docente", "pk": 38, "fields": {"codigo_docente": null, "nome": "Luís Miguel Campos", "email": "sem_email@ulusofona.pt", "pagina_pessoal": "https://www.ulusofona.pt"}}, {"model": "portfolioPWEB.docente", "pk": 39, "fields": {"codigo_docente": null, "nome": "Manuel Marques Pita, Zuil Pirola", "email": "sem_email@ulusofona.pt", "pagina_pessoal": "https://www.ulusofona.pt"}}, {"model": "portfolioPWEB.docente", "pk": 40, "fields": {"codigo_docente": null, "nome": "João Caldeira, Luís Gomes", "email": "sem_email@ulusofona.pt", "pagina_pessoal": "https://www.ulusofona.pt"}}, {"model": "portfolioPWEB.docente", "pk": 41, "fields": {"codigo_docente": null, "nome": "Maria Silva Em parceria com Laboratório Nacional de Engenharia Civil", "email": "sem_email@ulusofona.pt", "pagina_pessoal": "https://www.ulusofona.pt"}}, {"model": "portfolioPWEB.docente", "pk": 42, "fields": {"codigo_docente": null, "nome": "Martim Mourão, Sofia Fernades", "email": "sem_email@ulusofona.pt", "pagina_pessoal": "https://www.ulusofona.pt"}}, {"model": "portfolioPWEB.docente", "pk": 43, "fields": {"codigo_docente": null, "nome": "Lúcio Studer Em parceria com Direção Geral da Saúde", "email": "sem_email@ulusofona.pt", "pagina_pessoal": "https://www.ulusofona.pt"}}, {"model": "portfolioPWEB.docente", "pk": 44, "fields": {"codigo_docente": null, "nome": "Rui Santos Em parceria com PT Clinic", "email": "sem_email@ulusofona.pt", "pagina_pessoal": "https://www.ulusofona.pt"}}, {"model": "portfolioPWEB.docente", "pk": 45, "fields": {"codigo_docente": null, "nome": "Rodrigo Correia Em parceria com Associação Reformados Pensionistas e Idosos de São Julião do Tojal", "email": "sem_email@ulusofona.pt", "pagina_pessoal": "https://www.ulusofona.pt"}}, {"model": "portfolioPWEB.docente", "pk": 46, "fields": {"codigo_docente": null, "nome": "Lucio studer, Martim Mourão Em parceria com Associação Nacional De Glaucoma Pediátrico", "email": "sem_email@ulusofona.pt", "pagina_pessoal": "https://www.ulusofona.pt"}}, {"model": "portfolioPWEB.docente", "pk": 47, "fields": {"codigo_docente": null, "nome": "Duarte Neves", "email": "sem_email@ulusofona.pt", "pagina_pessoal": "https://www.ulusofona.pt"}}, {"model": "portfolioPWEB.docente", "pk": 48, "fields": {"codigo_docente": null, "nome": "Pedro Alves Em parceria com Associação Ares do Pinhal", "email": "sem_email@ulusofona.pt", "pagina_pessoal": "https://www.ulusofona.pt"}}, {"model": "portfolioPWEB.docente", "pk": 49, "fields": {"codigo_docente": null, "nome": "Pedro Alves Em parceria com Associação ZERO", "email": "sem_email@ulusofona.pt", "pagina_pessoal": "https://www.ulusofona.pt"}}, {"model": "portfolioPWEB.docente", "pk": 50, "fields": {"codigo_docente": null, "nome": "Pedro Alves", "email": "sem_email@ulusofona.pt", "pagina_pessoal": "https://www.ulusofona.pt"}}, {"model": "portfolioPWEB.docente", "pk": 51, "fields": {"codigo_docente": null, "nome": "Gabriela Soares, Lúcio Studer", "email": "sem_email@ulusofona.pt", "pagina_pessoal": "https://www.ulusofona.pt"}}, {"model": "portfolioPWEB.docente", "pk": 52, "fields": {"codigo_docente": null, "nome": "Lucio studer, Maria Almeida Silva", "email": "sem_email@ulusofona.pt", "pagina_pessoal": "https://www.ulusofona.pt"}}, {"model": "portfolioPWEB.docente", "pk": 53, "fields": {"codigo_docente": null, "nome": "Pedro Alves, Sofia Naique", "email": "sem_email@ulusofona.pt", "pagina_pessoal": "https://www.ulusofona.pt"}}, {"model": "portfolioPWEB.docente", "pk": 54, "fields": {"codigo_docente": null, "nome": "Pedro Alves Em parceria com Departamento de Engenharia Civil da Univ. Lusófona", "email": "sem_email@ulusofona.pt", "pagina_pessoal": "https://www.ulusofona.pt"}}, {"model": "portfolioPWEB.docente", "pk": 55, "fields": {"codigo_docente": null, "nome": "João Caldeira", "email": "sem_email@ulusofona.pt", "pagina_pessoal": "https://www.ulusofona.pt"}}, {"model": "portfolioPWEB.docente", "pk": 56, "fields": {"codigo_docente": null, "nome": "Iolanda Velho, Sofia Naique Em parceria com Centro de Medicina de Reabilitação de Alcoitão", "email": "sem_email@ulusofona.pt", "pagina_pessoal": "https://www.ulusofona.pt"}}, {"model": "portfolioPWEB.docente", "pk": 57, "fields": {"codigo_docente": null, "nome": "Manuel Marques Pita", "email": "sem_email@ulusofona.pt", "pagina_pessoal": "https://www.ulusofona.pt"}}, {"model": "portfolioPWEB.docente", "pk": 58, "fields": {"codigo_docente": null, "nome": "Rui Ribeiro Em parceria com Claranet", "email": "sem_email@ulusofona.pt", "pagina_pessoal": "https://www.ulusofona.pt"}}, {"model": "portfolioPWEB.docente", "pk": 59, "fields": {"codigo_docente": null, "nome": "Lucio studer, Martijn Kuipers", "email": "sem_email@ulusofona.pt", "pagina_pessoal": "https://www.ulusofona.pt"}}, {"model": "portfolioPWEB.docente", "pk": 60, "fields": {"codigo_docente": null, "nome": "Houda Harkat, João Pedro Carvalho Em parceria com IT – Lisboa", "email": "sem_email@ulusofona.pt", "pagina_pessoal": "https://www.ulusofona.pt"}}, {"model": "portfolioPWEB.docente", "pk": 61, "fields": {"codigo_docente": null, "nome": "Daniel Fernandes, João P. Matos-Carvalho", "email": "sem_email@ulusofona.pt", "pagina_pessoal": "https://www.ulusofona.pt"}}, {"model": "portfolioPWEB.docente", "pk": 62, "fields": {"codigo_docente": null, "nome": "Pedro Perdigão Em parceria com CGI TI Portugal", "email": "sem_email@ulusofona.pt", "pagina_pessoal": "https://www.ulusofona.pt"}}, {"model": "portfolioPWEB.docente", "pk": 63, "fields": {"codigo_docente": null, "nome": "Rui Santos Em parceria com Xstudio", "email": "sem_email@ulusofona.pt", "pagina_pessoal": "https://www.ulusofona.pt"}}, {"model": "portfolioPWEB.docente", "pk": 64, "fields": {"codigo_docente": null, "nome": "Ana Cruz, Andreas Klaus Em parceria com Via Insight, Lda. e ADECO – Associação de Desenvolvimento Comunitário da Freguesia das Mercês (creche e jardim de infância)", "email": "sem_email@ulusofona.pt", "pagina_pessoal": "https://www.ulusofona.pt"}}, {"model": "portfolioPWEB.docente", "pk": 65, "fields": {"codigo_docente": null, "nome": "Bruno Saraiva, João Pedro Carvalho Em parceria com Academia Cristiano Ronaldo – Sporting Clube de Portugal", "email": "sem_email@ulusofona.pt", "pagina_pessoal": "https://www.ulusofona.pt"}}, {"model": "portfolioPWEB.docente", "pk": 66, "fields": {"codigo_docente": null, "nome": "Daniel Silveira, João Pavia", "email": "sem_email@ulusofona.pt", "pagina_pessoal": "https://www.ulusofona.pt"}}, {"model": "portfolioPWEB.docente", "pk": 67, "fields": {"codigo_docente": null, "nome": "José Cascais Brás Em parceria com IMOinvestor – FV", "email": "sem_email@ulusofona.pt", "pagina_pessoal": "https://www.ulusofona.pt"}}, {"model": "portfolioPWEB.docente", "pk": 68, "fields": {"codigo_docente": null, "nome": "João Caldeira Em parceria com It4Billing", "email": "sem_email@ulusofona.pt", "pagina_pessoal": "https://www.ulusofona.pt"}}, {"model": "portfolioPWEB.docente", "pk": 69, "fields": {"codigo_docente": null, "nome": "Pedro Serra Em parceria com Grupo Barraqueiro", "email": "sem_email@ulusofona.pt", "pagina_pessoal": "https://www.ulusofona.pt"}}, {"model": "portfolioPWEB.docente", "pk": 70, "fields": {"codigo_docente": null, "nome": "Luis A. Gomes", "email": "sem_email@ulusofona.pt", "pagina_pessoal": "https://www.ulusofona.pt"}}, {"model": "portfolioPWEB.docente", "pk": 71, "fields": {"codigo_docente": null, "nome": "José Cascais Brás, Rui Ribeiro Em parceria com CGI", "email": "sem_email@ulusofona.pt", "pagina_pessoal": "https://www.ulusofona.pt"}}, {"model": "portfolioPWEB.docente", "pk": 72, "fields": {"codigo_docente": null, "nome": "Rui Ribeiro Em parceria com CGI", "email": "sem_email@ulusofona.pt", "pagina_pessoal": "https://www.ulusofona.pt"}}, {"model": "portfolioPWEB.docente", "pk": 73, "fields": {"codigo_docente": null, "nome": "Daniel Silveira, Zuil Pirola", "email": "sem_email@ulusofona.pt", "pagina_pessoal": "https://www.ulusofona.pt"}}, {"model": "portfolioPWEB.docente", "pk": 74, "fields": {"codigo_docente": null, "nome": "Wellington Oliveira", "email": "sem_email@ulusofona.pt", "pagina_pessoal": "https://www.ulusofona.pt"}}, {"model": "portfolioPWEB.docente", "pk": 75, "fields": {"codigo_docente": null, "nome": "Lúcio Studer Em parceria com Instituto Português da Juventude", "email": "sem_email@ulusofona.pt", "pagina_pessoal": "https://www.ulusofona.pt"}}, {"model": "portfolioPWEB.docente", "pk": 76, "fields": {"codigo_docente": null, "nome": "Daniel Fernandes, Gabriela Soares Em parceria com INEM", "email": "sem_email@ulusofona.pt", "pagina_pessoal": "https://www.ulusofona.pt"}}, {"model": "portfolioPWEB.docente", "pk": 77, "fields": {"codigo_docente": null, "nome": "Gabriela Soares, Lúcio Studer Em parceria com ADENE – Agência para Energia", "email": "sem_email@ulusofona.pt", "pagina_pessoal": "https://www.ulusofona.pt"}}, {"model": "portfolioPWEB.docente", "pk": 78, "fields": {"codigo_docente": null, "nome": "Lucio studer, Martim Mourão Em parceria com Cruz Vermelha Portuguesa, Associação de Saude Mental do Algarve (ASMAL), Grupo de Intervenção e Reabilitação Activa (GIRA), Lar residencial e Centro de Atividades Ocupacionais (CRINABEL)", "email": "sem_email@ulusofona.pt", "pagina_pessoal": "https://www.ulusofona.pt"}}, {"model": "portfolioPWEB.docente", "pk": 79, "fields": {"codigo_docente": null, "nome": "Lúcio Studer", "email": "sem_email@ulusofona.pt", "pagina_pessoal": "https://www.ulusofona.pt"}}, {"model": "portfolioPWEB.docente", "pk": 80, "fields": {"codigo_docente": null, "nome": "Acácio Carmona, Adriano Couto, Alexandre Banha, Alexandre Pereira, Ana Margarida Gomes Alexandre, Antonios Liapis, António Frazão, António Moreira Gonçalves, Bruno Cipriano, Bruno Saraiva, Bruno Saraiva, Carlos Fernandes, Cipriano Justo, Conceição Costa, Daniel Fernandes, Daniel Fernandes, Daniel Fernandes, Daniel Fernandes, Daniel Silveira, Daniel Silveira, Diogo Morais, Diogo de Andrade, Duarte Neves, Fernando Angelino, Fernando Teodósio, Finite blocklength information theory, Francesco Costigliola, Gabriela Soares, Gabriela Soares, Gabriela Soares, Helena Rute Sofia, Houda Harkat, Inês Oliveira, Iolanda Velho, Jayakody Arachchilage Dushantha Nalin Kumara, José Aser Lourenzo, José Cascais Brás, José Cascais Brás, José Faisca, José Rogado, João Caldeira, João Craveiro, João Ildefonso, João Licínio, João Martins, João P. Matos-Carvalho, João Pavia, João Pedro Carvalho, João Pedro Carvalho, Luis A. Gomes, Luis Campos, Luís Campos, Luís Gomes, Luís Jorge Costa, Luís Miguel Campos, Lúcio Studer, Lúcio Studer, Manuel Costa Martins, Manuel Marques Pita, Manuel da Costa Leite, Maria Silva, Marko Beko, Marko Beko, Martijn Kuipers, Martim Mourão, Micaela Fonseca, Micaela Fonseca, Miguel Moreno, Miguel Tavares, N/A, N/A, Naercio Magaia, Nuno Fachada, Nuno Manuel Garcia dos Santos, Nuno Maria Carvalho Pereira Fernandes Fachada, Nuno Pombo, Nuno Ricardo Mateus Coelho, Paulo Guedes, Paulo Mendes, Pedro Alves, Pedro Alves, Pedro Alves, Pedro Alves, Pedro Freire, Pedro Hugo De Queirós Alves, Pedro Malta, Pedro Perdigão, Pedro Santos, Pedro Serra, Phil Lopes, Phil Lopes, Prof. Dr. Nuno Maria Carvalho Pereira Fernandes Fachada Prof. Dr. João Pedro Leal Abalada de Matos Carvalho, Professor Dushantha Nalin Jayakoddy, Reda Benbernou, Ricardo Oliveira, Rodrigo Correia, Rui Dinis, Rui Ribeiro, Rui Ribeiro, Rui Santos, Sem orientador, Slaviša Tomić, Sofia Fernandes, Sofia Naique, Sérgio Duarte, Sérgio Ferreira, Sérgio Luís Proença Duarte Guerreiro, Sérgio Nunes, Tiago Reis, Tiago Simas, Tiago dos Santos, Vania Machado, Vânia Maria Ponte Vidal, Wellington Oliveira, Zuil Pirola, Zuil Pirola, Zuil Pirola", "email": "sem_email@ulusofona.pt", "pagina_pessoal": "https://www.ulusofona.pt"}}, {"model": "portfolioPWEB.docente", "pk": 81, "fields": {"codigo_docente": null, "nome": "Iolanda Velho, Lúcio Studer", "email": "sem_email@ulusofona.pt", "pagina_pessoal": "https://www.ulusofona.pt"}}, {"model": "portfolioPWEB.docente", "pk": 82, "fields": {"codigo_docente": null, "nome": "Duarte Neves, Pedro Alves Em parceria com Autoridade Nacional de Emergência e Proteção Civil", "email": "sem_email@ulusofona.pt", "pagina_pessoal": "https://www.ulusofona.pt"}}, {"model": "portfolioPWEB.docente", "pk": 83, "fields": {"codigo_docente": null, "nome": "Rui Ribeiro Em parceria com RiverWatcher", "email": "sem_email@ulusofona.pt", "pagina_pessoal": "https://www.ulusofona.pt"}}, {"model": "portfolioPWEB.docente", "pk": 84, "fields": {"codigo_docente": null, "nome": "José Cascais Brás, Luís Gomes", "email": "sem_email@ulusofona.pt", "pagina_pessoal": "https://www.ulusofona.pt"}}, {"model": "portfolioPWEB.docente", "pk": 85, "fields": {"codigo_docente": null, "nome": "Daniel Silveira, Rui Ribeiro", "email": "sem_email@ulusofona.pt", "pagina_pessoal": "https://www.ulusofona.pt"}}, {"model": "portfolioPWEB.docente", "pk": 86, "fields": {"codigo_docente": null, "nome": "Sérgio Ferreira", "email": "sem_email@ulusofona.pt", "pagina_pessoal": "https://www.ulusofona.pt"}}, {"model": "portfolioPWEB.docente", "pk": 87, "fields": {"codigo_docente": null, "nome": "Pedro Perdigão, Rui Santos Em parceria com Uber", "email": "sem_email@ulusofona.pt", "pagina_pessoal": "https://www.ulusofona.pt"}}, {"model": "portfolioPWEB.docente", "pk": 88, "fields": {"codigo_docente": null, "nome": "Pedro Alves, Sofia Naique Em parceria com Sociedade Portuguesa de Reumatologia", "email": "sem_email@ulusofona.pt", "pagina_pessoal": "https://www.ulusofona.pt"}}, {"model": "portfolioPWEB.docente", "pk": 89, "fields": {"codigo_docente": null, "nome": "Luís Gomes Em parceria com PHC", "email": "sem_email@ulusofona.pt", "pagina_pessoal": "https://www.ulusofona.pt"}}, {"model": "portfolioPWEB.docente", "pk": 90, "fields": {"codigo_docente": null, "nome": "Iolanda Velho Em parceria com Centro de Medicina de Reabilitação de Alcoitão", "email": "sem_email@ulusofona.pt", "pagina_pessoal": "https://www.ulusofona.pt"}}, {"model": "portfolioPWEB.docente", "pk": 91, "fields": {"codigo_docente": null, "nome": "Rui Santos Em parceria com Personal Trainer Ruben", "email": "sem_email@ulusofona.pt", "pagina_pessoal": "https://www.ulusofona.pt"}}, {"model": "portfolioPWEB.docente", "pk": 92, "fields": {"codigo_docente": null, "nome": "Miguel Tavares", "email": "sem_email@ulusofona.pt", "pagina_pessoal": "https://www.ulusofona.pt"}}, {"model": "portfolioPWEB.docente", "pk": 93, "fields": {"codigo_docente": null, "nome": "Sofia Naique Em parceria com Centro de Medicina de Reabilitação de Alcoitão", "email": "sem_email@ulusofona.pt", "pagina_pessoal": "https://www.ulusofona.pt"}}, {"model": "portfolioPWEB.docente", "pk": 94, "fields": {"codigo_docente": null, "nome": "Acácio Carmona", "email": "sem_email@ulusofona.pt", "pagina_pessoal": "https://www.ulusofona.pt"}}, {"model": "portfolioPWEB.docente", "pk": 95, "fields": {"codigo_docente": null, "nome": "Pedro Serra Em parceria com International World Wakeboard Federation", "email": "sem_email@ulusofona.pt", "pagina_pessoal": "https://www.ulusofona.pt"}}, {"model": "portfolioPWEB.docente", "pk": 96, "fields": {"codigo_docente": null, "nome": "Rui Santos Em parceria com Centro comercial Colina do Sol", "email": "sem_email@ulusofona.pt", "pagina_pessoal": "https://www.ulusofona.pt"}}, {"model": "portfolioPWEB.docente", "pk": 97, "fields": {"codigo_docente": null, "nome": "Pedro Alves Em parceria com Departamento de Engenharia Civil – ULHT", "email": "sem_email@ulusofona.pt", "pagina_pessoal": "https://www.ulusofona.pt"}}, {"model": "portfolioPWEB.docente", "pk": 98, "fields": {"codigo_docente": null, "nome": "Lúcio Studer, Rui Santos Em parceria com AutoMecom Unipessoal, LDA", "email": "sem_email@ulusofona.pt", "pagina_pessoal": "https://www.ulusofona.pt"}}, {"model": "portfolioPWEB.docente", "pk": 99, "fields": {"codigo_docente": null, "nome": "Rui Ribeiro Em parceria com Incubadora PLAY", "email": "sem_email@ulusofona.pt", "pagina_pessoal": "https://www.ulusofona.pt"}}, {"model": "portfolioPWEB.docente", "pk": 100, "fields": {"codigo_docente": null, "nome": "Pedro Serra Em parceria com Escola Superior de Tecnologia da Saúde de Lisboa", "email": "sem_email@ulusofona.pt", "pagina_pessoal": "https://www.ulusofona.pt"}}, {"model": "portfolioPWEB.docente", "pk": 101, "fields": {"codigo_docente": null, "nome": "Daniel Fernandes, Iolanda Velho Em parceria com INEM", "email": "sem_email@ulusofona.pt", "pagina_pessoal": "https://www.ulusofona.pt"}}, {"model": "portfolioPWEB.docente", "pk": 102, "fields": {"codigo_docente": null, "nome": "Luís Gomes Em parceria com Fundação CEBI", "email": "sem_email@ulusofona.pt", "pagina_pessoal": "https://www.ulusofona.pt"}}, {"model": "portfolioPWEB.docente", "pk": 103, "fields": {"codigo_docente": null, "nome": "Pedro Perdigão Em parceria com Lavandaria Tejo", "email": "sem_email@ulusofona.pt", "pagina_pessoal": "https://www.ulusofona.pt"}}, {"model": "portfolioPWEB.docente", "pk": 104, "fields": {"codigo_docente": null, "nome": "João Pedro Carvalho", "email": "sem_email@ulusofona.pt", "pagina_pessoal": "https://www.ulusofona.pt"}}, {"model": "portfolioPWEB.docente", "pk": 105, "fields": {"codigo_docente": null, "nome": "Bruno Cipriano", "email": "sem_email@ulusofona.pt", "pagina_pessoal": "https://www.ulusofona.pt"}}, {"model": "portfolioPWEB.docente", "pk": 106, "fields": {"codigo_docente": null, "nome": "João Pavia, João Pedro Carvalho Em parceria com Federação Portuguesa de Taekwondo", "email": "sem_email@ulusofona.pt", "pagina_pessoal": "https://www.ulusofona.pt"}}, {"model": "portfolioPWEB.docente", "pk": 107, "fields": {"codigo_docente": null, "nome": "José Cascais Brás Em parceria com Sociedade Portuguesa de Autores", "email": "sem_email@ulusofona.pt", "pagina_pessoal": "https://www.ulusofona.pt"}}, {"model": "portfolioPWEB.docente", "pk": 108, "fields": {"codigo_docente": null, "nome": "João Pavia", "email": "sem_email@ulusofona.pt", "pagina_pessoal": "https://www.ulusofona.pt"}}, {"model": "portfolioPWEB.docente", "pk": 109, "fields": {"codigo_docente": null, "nome": "João Pavia, João Pedro Carvalho", "email": "sem_email@ulusofona.pt", "pagina_pessoal": "https://www.ulusofona.pt"}}, {"model": "portfolioPWEB.docente", "pk": 110, "fields": {"codigo_docente": null, "nome": "João Pedro Carvalho, Luís Gomes", "email": "sem_email@ulusofona.pt", "pagina_pessoal": "https://www.ulusofona.pt"}}, {"model": "portfolioPWEB.docente", "pk": 111, "fields": {"codigo_docente": null, "nome": "José Cascais Brás Em parceria com CGI TI Portugal", "email": "sem_email@ulusofona.pt", "pagina_pessoal": "https://www.ulusofona.pt"}}, {"model": "portfolioPWEB.docente", "pk": 112, "fields": {"codigo_docente": null, "nome": "Pedro Alves Em parceria com Faculdade de Direito – ULHT", "email": "sem_email@ulusofona.pt", "pagina_pessoal": "https://www.ulusofona.pt"}}, {"model": "portfolioPWEB.docente", "pk": 113, "fields": {"codigo_docente": null, "nome": "Pedro Alves Em parceria com Departamento de Ciências Farmacêuticas (ECTS – ULHT)", "email": "sem_email@ulusofona.pt", "pagina_pessoal": "https://www.ulusofona.pt"}}, {"model": "portfolioPWEB.docente", "pk": 114, "fields": {"codigo_docente": null, "nome": "José Aser Lourenzo", "email": "sem_email@ulusofona.pt", "pagina_pessoal": "https://www.ulusofona.pt"}}, {"model": "portfolioPWEB.docente", "pk": 115, "fields": {"codigo_docente": null, "nome": "Rui Santos Em parceria com Integer Consulting", "email": "sem_email@ulusofona.pt", "pagina_pessoal": "https://www.ulusofona.pt"}}, {"model": "portfolioPWEB.docente", "pk": 116, "fields": {"codigo_docente": null, "nome": "Rodrigo Correia Em parceria com Escola Secundária de Camarate", "email": "sem_email@ulusofona.pt", "pagina_pessoal": "https://www.ulusofona.pt"}}, {"model": "portfolioPWEB.docente", "pk": 117, "fields": {"codigo_docente": null, "nome": "Acácio Carmona Em parceria com Áreas Urbanas de Génese Ilegal 44", "email": "sem_email@ulusofona.pt", "pagina_pessoal": "https://www.ulusofona.pt"}}, {"model": "portfolioPWEB.docente", "pk": 118, "fields": {"codigo_docente": null, "nome": "Rui Santos Em parceria com Incubadora PLAY", "email": "sem_email@ulusofona.pt", "pagina_pessoal": "https://www.ulusofona.pt"}}, {"model": "portfolioPWEB.docente", "pk": 119, "fields": {"codigo_docente": null, "nome": "Pedro Perdigão", "email": "sem_email@ulusofona.pt", "pagina_pessoal": "https://www.ulusofona.pt"}}, {"model": "portfolioPWEB.docente", "pk": 120, "fields": {"codigo_docente": null, "nome": "Pedro Alves Em parceria com Centro de Estudos Interdisciplinares em Educação e Desenvolvimento", "email": "sem_email@ulusofona.pt", "pagina_pessoal": "https://www.ulusofona.pt"}}, {"model": "portfolioPWEB.docente", "pk": 121, "fields": {"codigo_docente": null, "nome": "Rui Ribeiro Em parceria com Yucoders, Departamento de Engenharia Civil da ULHT e centro de I&D do DEISI Copelabs", "email": "sem_email@ulusofona.pt", "pagina_pessoal": "https://www.ulusofona.pt"}}, {"model": "portfolioPWEB.docente", "pk": 122, "fields": {"codigo_docente": null, "nome": "Pedro Serra", "email": "sem_email@ulusofona.pt", "pagina_pessoal": "https://www.ulusofona.pt"}}, {"model": "portfolioPWEB.docente", "pk": 123, "fields": {"codigo_docente": null, "nome": "Conceição Costa", "email": "sem_email@ulusofona.pt", "pagina_pessoal": "https://www.ulusofona.pt"}}, {"model": "portfolioPWEB.docente", "pk": 124, "fields": {"codigo_docente": null, "nome": "Lúcio Studer Em parceria com Multivision", "email": "sem_email@ulusofona.pt", "pagina_pessoal": "https://www.ulusofona.pt"}}, {"model": "portfolioPWEB.docente", "pk": 125, "fields": {"codigo_docente": null, "nome": "Rodrigo Correia", "email": "sem_email@ulusofona.pt", "pagina_pessoal": "https://www.ulusofona.pt"}}, {"model": "portfolioPWEB.docente", "pk": 126, "fields": {"codigo_docente": null, "nome": "Fernando Teodósio", "email": "sem_email@ulusofona.pt", "pagina_pessoal": "https://www.ulusofona.pt"}}, {"model": "portfolioPWEB.docente", "pk": 127, "fields": {"codigo_docente": null, "nome": "Tiago Simas Em parceria com Copelabs (ULHT) e ISMAT", "email": "sem_email@ulusofona.pt", "pagina_pessoal": "https://www.ulusofona.pt"}}, {"model": "portfolioPWEB.docente", "pk": 128, "fields": {"codigo_docente": null, "nome": "Rui Ribeiro Em parceria com Federação Portuguesa de Andebol", "email": "sem_email@ulusofona.pt", "pagina_pessoal": "https://www.ulusofona.pt"}}, {"model": "portfolioPWEB.docente", "pk": 129, "fields": {"codigo_docente": null, "nome": "Rui Ribeiro Em parceria com Departamento de Política da ULHT e CM Lisboa", "email": "sem_email@ulusofona.pt", "pagina_pessoal": "https://www.ulusofona.pt"}}, {"model": "portfolioPWEB.docente", "pk": 130, "fields": {"codigo_docente": null, "nome": "Lúcio Studer Em parceria com Quarteto Arabesco", "email": "sem_email@ulusofona.pt", "pagina_pessoal": "https://www.ulusofona.pt"}}, {"model": "portfolioPWEB.docente", "pk": 131, "fields": {"codigo_docente": null, "nome": "Rui Ribeiro Em parceria com Road2Biz", "email": "sem_email@ulusofona.pt", "pagina_pessoal": "https://www.ulusofona.pt"}}, {"model": "portfolioPWEB.docente", "pk": 132, "fields": {"codigo_docente": null, "nome": "Lúcio Studer Em parceria com Departamento de Cinema e Arte dos Media, ECATI", "email": "sem_email@ulusofona.pt", "pagina_pessoal": "https://www.ulusofona.pt"}}, {"model": "portfolioPWEB.docente", "pk": 133, "fields": {"codigo_docente": null, "nome": "Pedro Alves Em parceria com Departamento de Medicina Veterinária – ULHT", "email": "sem_email@ulusofona.pt", "pagina_pessoal": "https://www.ulusofona.pt"}}, {"model": "portfolioPWEB.docente", "pk": 134, "fields": {"codigo_docente": null, "nome": "Acácio Carmona Em parceria com Infraestruturas de Portugal", "email": "sem_email@ulusofona.pt", "pagina_pessoal": "https://www.ulusofona.pt"}}, {"model": "portfolioPWEB.docente", "pk": 135, "fields": {"codigo_docente": null, "nome": "Tiago dos Santos", "email": "sem_email@ulusofona.pt", "pagina_pessoal": "https://www.ulusofona.pt"}}, {"model": "portfolioPWEB.docente", "pk": 136, "fields": {"codigo_docente": null, "nome": "Sérgio Ferreira Em parceria com Intelligent Algorithms", "email": "sem_email@ulusofona.pt", "pagina_pessoal": "https://www.ulusofona.pt"}}, {"model": "portfolioPWEB.docente", "pk": 137, "fields": {"codigo_docente": null, "nome": "Pedro Serra Em parceria com WakeVilla Wakeboard School", "email": "sem_email@ulusofona.pt", "pagina_pessoal": "https://www.ulusofona.pt"}}, {"model": "portfolioPWEB.docente", "pk": 138, "fields": {"codigo_docente": null, "nome": "José Faisca", "email": "sem_email@ulusofona.pt", "pagina_pessoal": "https://www.ulusofona.pt"}}, {"model": "portfolioPWEB.docente", "pk": 139, "fields": {"codigo_docente": null, "nome": "Nuno Pombo", "email": "sem_email@ulusofona.pt", "pagina_pessoal": "https://www.ulusofona.pt"}}, {"model": "portfolioPWEB.docente", "pk": 140, "fields": {"codigo_docente": null, "nome": "N/A", "email": "sem_email@ulusofona.pt", "pagina_pessoal": "https://www.ulusofona.pt"}}, {"model": "portfolioPWEB.docente", "pk": 141, "fields": {"codigo_docente": null, "nome": "Inês Oliveira", "email": "sem_email@ulusofona.pt", "pagina_pessoal": "https://www.ulusofona.pt"}}, {"model": "portfolioPWEB.docente", "pk": 142, "fields": {"codigo_docente": null, "nome": "Bruno Cipriano Em parceria com Repetição e Diferença Psicologia Clínica LDA.", "email": "sem_email@ulusofona.pt", "pagina_pessoal": "https://www.ulusofona.pt"}}, {"model": "portfolioPWEB.docente", "pk": 143, "fields": {"codigo_docente": null, "nome": "Alexandre Pereira", "email": "sem_email@ulusofona.pt", "pagina_pessoal": "https://www.ulusofona.pt"}}, {"model": "portfolioPWEB.docente", "pk": 144, "fields": {"codigo_docente": null, "nome": "Alexandre Banha", "email": "sem_email@ulusofona.pt", "pagina_pessoal": "https://www.ulusofona.pt"}}, {"model": "portfolioPWEB.docente", "pk": 145, "fields": {"codigo_docente": null, "nome": "Francesco Costigliola", "email": "sem_email@ulusofona.pt", "pagina_pessoal": "https://www.ulusofona.pt"}}, {"model": "portfolioPWEB.docente", "pk": 146, "fields": {"codigo_docente": null, "nome": "António Frazão", "email": "sem_email@ulusofona.pt", "pagina_pessoal": "https://www.ulusofona.pt"}}, {"model": "portfolioPWEB.docente", "pk": 147, "fields": {"codigo_docente": null, "nome": "Inês Oliveira, Miguel Moreno", "email": "sem_email@ulusofona.pt", "pagina_pessoal": "https://www.ulusofona.pt"}}, {"model": "portfolioPWEB.docente", "pk": 148, "fields": {"codigo_docente": null, "nome": "Nuno Manuel Garcia dos Santos", "email": "sem_email@ulusofona.pt", "pagina_pessoal": "https://www.ulusofona.pt"}}, {"model": "portfolioPWEB.docente", "pk": 149, "fields": {"codigo_docente": null, "nome": "Luís Gomes Em parceria com APCL", "email": "sem_email@ulusofona.pt", "pagina_pessoal": "https://www.ulusofona.pt"}}, {"model": "portfolioPWEB.docente", "pk": 150, "fields": {"codigo_docente": null, "nome": "Pedro Malta", "email": "sem_email@ulusofona.pt", "pagina_pessoal": "https://www.ulusofona.pt"}}, {"model": "portfolioPWEB.docente", "pk": 151, "fields": {"codigo_docente": null, "nome": "Inês Oliveira, Pedro Malta Em parceria com Jovens Vozes de Lisboa", "email": "sem_email@ulusofona.pt", "pagina_pessoal": "https://www.ulusofona.pt"}}, {"model": "portfolioPWEB.docente", "pk": 152, "fields": {"codigo_docente": null, "nome": "Fernando Teodósio, Pedro Malta Em parceria com Jovens Vozes de Lisboa", "email": "sem_email@ulusofona.pt", "pagina_pessoal": "https://www.ulusofona.pt"}}, {"model": "portfolioPWEB.docente", "pk": 153, "fields": {"codigo_docente": null, "nome": "Luís Campos", "email": "sem_email@ulusofona.pt", "pagina_pessoal": "https://www.ulusofona.pt"}}, {"model": "portfolioPWEB.docente", "pk": 154, "fields": {"codigo_docente": null, "nome": "José Faisca Em parceria com Clínica Luz e Vida", "email": "sem_email@ulusofona.pt", "pagina_pessoal": "https://www.ulusofona.pt"}}, {"model": "portfolioPWEB.docente", "pk": 155, "fields": {"codigo_docente": null, "nome": "Alexandre Pereira Em parceria com Associação Projecto Jovem", "email": "sem_email@ulusofona.pt", "pagina_pessoal": "https://www.ulusofona.pt"}}, {"model": "portfolioPWEB.docente", "pk": 156, "fields": {"codigo_docente": null, "nome": "Bruno Cipriano, Sérgio Luís Proença Duarte Guerreiro", "email": "sem_email@ulusofona.pt", "pagina_pessoal": "https://www.ulusofona.pt"}}, {"model": "portfolioPWEB.docente", "pk": 157, "fields": {"codigo_docente": null, "nome": "Sérgio Luís Proença Duarte Guerreiro", "email": "sem_email@ulusofona.pt", "pagina_pessoal": "https://www.ulusofona.pt"}}, {"model": "portfolioPWEB.docente", "pk": 158, "fields": {"codigo_docente": null, "nome": "Fernando Teodósio, Luís Gomes Em parceria com Associação Magos", "email": "sem_email@ulusofona.pt", "pagina_pessoal": "https://www.ulusofona.pt"}}, {"model": "portfolioPWEB.docente", "pk": 159, "fields": {"codigo_docente": null, "nome": "Pedro Malta Em parceria com ADRA", "email": "sem_email@ulusofona.pt", "pagina_pessoal": "https://www.ulusofona.pt"}}, {"model": "portfolioPWEB.docente", "pk": 160, "fields": {"codigo_docente": null, "nome": "Adriano Couto", "email": "sem_email@ulusofona.pt", "pagina_pessoal": "https://www.ulusofona.pt"}}, {"model": "portfolioPWEB.docente", "pk": 161, "fields": {"codigo_docente": null, "nome": "Luís Gomes, Pedro Malta", "email": "sem_email@ulusofona.pt", "pagina_pessoal": "https://www.ulusofona.pt"}}, {"model": "portfolioPWEB.docente", "pk": 162, "fields": {"codigo_docente": null, "nome": "Adriano Couto Em parceria com Dunne Premium Technologies", "email": "sem_email@ulusofona.pt", "pagina_pessoal": "https://www.ulusofona.pt"}}, {"model": "portfolioPWEB.docente", "pk": 163, "fields": {"codigo_docente": null, "nome": "Pedro Freire", "email": "sem_email@ulusofona.pt", "pagina_pessoal": "https://www.ulusofona.pt"}}, {"model": "portfolioPWEB.docente", "pk": 164, "fields": {"codigo_docente": null, "nome": "José Faisca Em parceria com Fresenius Nephrocare", "email": "sem_email@ulusofona.pt", "pagina_pessoal": "https://www.ulusofona.pt"}}, {"model": "portfolioPWEB.docente", "pk": 165, "fields": {"codigo_docente": null, "nome": "Alexandre Pereira Em parceria com 7ª Essência Escola de Surf e Bodyboard", "email": "sem_email@ulusofona.pt", "pagina_pessoal": "https://www.ulusofona.pt"}}, {"model": "portfolioPWEB.docente", "pk": 166, "fields": {"codigo_docente": null, "nome": "José Faisca, João Ildefonso", "email": "sem_email@ulusofona.pt", "pagina_pessoal": "https://www.ulusofona.pt"}}, {"model": "portfolioPWEB.docente", "pk": 167, "fields": {"codigo_docente": null, "nome": "Sérgio Luís Proença Duarte Guerreiro Em parceria com ActivoBank", "email": "sem_email@ulusofona.pt", "pagina_pessoal": "https://www.ulusofona.pt"}}, {"model": "portfolioPWEB.docente", "pk": 168, "fields": {"codigo_docente": null, "nome": "Sérgio Luís Proença Duarte Guerreiro Em parceria com Colégio de São Tomás – Filipa Alvim", "email": "sem_email@ulusofona.pt", "pagina_pessoal": "https://www.ulusofona.pt"}}, {"model": "portfolioPWEB.docente", "pk": 169, "fields": {"codigo_docente": null, "nome": "Ana Margarida Gomes Alexandre", "email": "sem_email@ulusofona.pt", "pagina_pessoal": "https://www.ulusofona.pt"}}, {"model": "portfolioPWEB.docente", "pk": 170, "fields": {"codigo_docente": null, "nome": "António Frazão, Pedro Malta", "email": "sem_email@ulusofona.pt", "pagina_pessoal": "https://www.ulusofona.pt"}}, {"model": "portfolioPWEB.docente", "pk": 171, "fields": {"codigo_docente": null, "nome": "José Rogado, Pedro Malta", "email": "sem_email@ulusofona.pt", "pagina_pessoal": "https://www.ulusofona.pt"}}, {"model": "portfolioPWEB.docente", "pk": 172, "fields": {"codigo_docente": null, "nome": "José Rogado", "email": "sem_email@ulusofona.pt", "pagina_pessoal": "https://www.ulusofona.pt"}}, {"model": "portfolioPWEB.docente", "pk": 173, "fields": {"codigo_docente": null, "nome": "Sérgio Luís Proença Duarte Guerreiro Em parceria com Vodafone", "email": "sem_email@ulusofona.pt", "pagina_pessoal": "https://www.ulusofona.pt"}}, {"model": "portfolioPWEB.docente", "pk": 174, "fields": {"codigo_docente": null, "nome": "Rui Ribeiro Em parceria com InnoWave Technologies", "email": "sem_email@ulusofona.pt", "pagina_pessoal": "https://www.ulusofona.pt"}}, {"model": "portfolioPWEB.docente", "pk": 175, "fields": {"codigo_docente": null, "nome": "Sérgio Luís Proença Duarte Guerreiro Em parceria com COFAC DSI", "email": "sem_email@ulusofona.pt", "pagina_pessoal": "https://www.ulusofona.pt"}}, {"model": "portfolioPWEB.docente", "pk": 176, "fields": {"codigo_docente": null, "nome": "Inês Oliveira, João Martins", "email": "sem_email@ulusofona.pt", "pagina_pessoal": "https://www.ulusofona.pt"}}, {"model": "portfolioPWEB.docente", "pk": 177, "fields": {"codigo_docente": null, "nome": "Manuel da Costa Leite", "email": "sem_email@ulusofona.pt", "pagina_pessoal": "https://www.ulusofona.pt"}}, {"model": "portfolioPWEB.docente", "pk": 178, "fields": {"codigo_docente": null, "nome": "Sem orientador", "email": "sem_email@ulusofona.pt", "pagina_pessoal": "https://www.ulusofona.pt"}}, {"model": "portfolioPWEB.docente", "pk": 179, "fields": {"codigo_docente": null, "nome": "Inês Oliveira, Pedro Malta", "email": "sem_email@ulusofona.pt", "pagina_pessoal": "https://www.ulusofona.pt"}}, {"model": "portfolioPWEB.docente", "pk": 180, "fields": {"codigo_docente": null, "nome": "Acácio Carmona Em parceria com Finupe – Engenharia e Acabamentos, S.A", "email": "sem_email@ulusofona.pt", "pagina_pessoal": "https://www.ulusofona.pt"}}, {"model": "portfolioPWEB.docente", "pk": 181, "fields": {"codigo_docente": null, "nome": "Pedro Malta Em parceria com Clínica São João de Deus", "email": "sem_email@ulusofona.pt", "pagina_pessoal": "https://www.ulusofona.pt"}}, {"model": "portfolioPWEB.docente", "pk": 182, "fields": {"codigo_docente": null, "nome": "Sérgio Luís Proença Duarte Guerreiro Em parceria com Hospital de Curry Cabral", "email": "sem_email@ulusofona.pt", "pagina_pessoal": "https://www.ulusofona.pt"}}, {"model": "portfolioPWEB.docente", "pk": 183, "fields": {"codigo_docente": null, "nome": "José Faisca, José Rogado", "email": "sem_email@ulusofona.pt", "pagina_pessoal": "https://www.ulusofona.pt"}}, {"model": "portfolioPWEB.docente", "pk": 184, "fields": {"codigo_docente": null, "nome": "António Moreira Gonçalves, José Aser Lourenzo", "email": "sem_email@ulusofona.pt", "pagina_pessoal": "https://www.ulusofona.pt"}}, {"model": "portfolioPWEB.docente", "pk": 185, "fields": {"codigo_docente": null, "nome": "Pedro Malta Em parceria com Oeiras Viva", "email": "sem_email@ulusofona.pt", "pagina_pessoal": "https://www.ulusofona.pt"}}, {"model": "portfolioPWEB.docente", "pk": 186, "fields": {"codigo_docente": null, "nome": "José Aser Lourenzo Em parceria com Space Systems", "email": "sem_email@ulusofona.pt", "pagina_pessoal": "https://www.ulusofona.pt"}}, {"model": "portfolioPWEB.docente", "pk": 187, "fields": {"codigo_docente": null, "nome": "Vania Machado", "email": "sem_email@ulusofona.pt", "pagina_pessoal": "https://www.ulusofona.pt"}}, {"model": "portfolioPWEB.docente", "pk": 188, "fields": {"codigo_docente": null, "nome": "Paulo Mendes", "email": "sem_email@ulusofona.pt", "pagina_pessoal": "https://www.ulusofona.pt"}}, {"model": "portfolioPWEB.docente", "pk": 189, "fields": {"codigo_docente": null, "nome": "Pedro Malta Em parceria com Eurofrutas", "email": "sem_email@ulusofona.pt", "pagina_pessoal": "https://www.ulusofona.pt"}}, {"model": "portfolioPWEB.docente", "pk": 190, "fields": {"codigo_docente": null, "nome": "Bruno Cipriano Em parceria com GFI Portugal", "email": "sem_email@ulusofona.pt", "pagina_pessoal": "https://www.ulusofona.pt"}}, {"model": "portfolioPWEB.docente", "pk": 191, "fields": {"codigo_docente": null, "nome": "Pedro Malta Em parceria com Liberty Seguros", "email": "sem_email@ulusofona.pt", "pagina_pessoal": "https://www.ulusofona.pt"}}, {"model": "portfolioPWEB.docente", "pk": 192, "fields": {"codigo_docente": null, "nome": "Manuel da Costa Leite, Pedro Malta", "email": "sem_email@ulusofona.pt", "pagina_pessoal": "https://www.ulusofona.pt"}}, {"model": "portfolioPWEB.docente", "pk": 193, "fields": {"codigo_docente": null, "nome": "Luís Jorge Costa, Manuel da Costa Leite, Pedro Malta", "email": "sem_email@ulusofona.pt", "pagina_pessoal": "https://www.ulusofona.pt"}}, {"model": "portfolioPWEB.docente", "pk": 194, "fields": {"codigo_docente": null, "nome": "Pedro Malta Em parceria com ASSOCIAÇÃO NACIONAL DAS FARMÁCIAS", "email": "sem_email@ulusofona.pt", "pagina_pessoal": "https://www.ulusofona.pt"}}, {"model": "portfolioPWEB.docente", "pk": 195, "fields": {"codigo_docente": null, "nome": "Pedro Malta Em parceria com Edinfor a LogicaCMG company", "email": "sem_email@ulusofona.pt", "pagina_pessoal": "https://www.ulusofona.pt"}}, {"model": "portfolioPWEB.docente", "pk": 196, "fields": {"codigo_docente": null, "nome": "Alexandre Pereira, Luís Jorge Costa, Manuel da Costa Leite", "email": "sem_email@ulusofona.pt", "pagina_pessoal": "https://www.ulusofona.pt"}}, {"model": "portfolioPWEB.docente", "pk": 197, "fields": {"codigo_docente": null, "nome": "Reda Benbernou", "email": "sem_email@ulusofona.pt", "pagina_pessoal": "https://www.ulusofona.pt"}}, {"model": "portfolioPWEB.docente", "pk": 198, "fields": {"codigo_docente": null, "nome": "Luís Jorge Costa, Manuel Costa Martins Em parceria com EDP", "email": "sem_email@ulusofona.pt", "pagina_pessoal": "https://www.ulusofona.pt"}}, {"model": "portfolioPWEB.docente", "pk": 199, "fields": {"codigo_docente": null, "nome": "Luís Jorge Costa", "email": "sem_email@ulusofona.pt", "pagina_pessoal": "https://www.ulusofona.pt"}}, {"model": "portfolioPWEB.docente", "pk": 200, "fields": {"codigo_docente": null, "nome": "Carlos Fernandes", "email": "sem_email@ulusofona.pt", "pagina_pessoal": "https://www.ulusofona.pt"}}, {"model": "portfolioPWEB.docente", "pk": 201, "fields": {"codigo_docente": null, "nome": "Bruno Saraiva", "email": "sem_email@ulusofona.pt", "pagina_pessoal": "https://www.ulusofona.pt"}}, {"model": "portfolioPWEB.docente", "pk": 202, "fields": {"codigo_docente": null, "nome": "Duarte Neves Em parceria com Banco Espírito Santo", "email": "sem_email@ulusofona.pt", "pagina_pessoal": "https://www.ulusofona.pt"}}, {"model": "portfolioPWEB.docente", "pk": 203, "fields": {"codigo_docente": "0000-0002-8972-996X", "nome": "Berend Willem Martijn Kuipers", "email": "martijn.kuipers@ulusofona.pt", "pagina_pessoal": "https://www.cienciavitae.pt/2E18-EB40-9E22"}}, {"model": "portfolioPWEB.docente", "pk": 204, "fields": {"codigo_docente": "0000-0002-2017-7511", "nome": "Bruno Miguel Pereira Cipriano", "email": "bcipriano@ulusofona.pt", "pagina_pessoal": "https://research.ulusofona.pt/en/persons/bruno-miguel-pereira-cipriano-6/"}}, {"model": "portfolioPWEB.docente", "pk": 205, "fields": {"codigo_docente": "0000-0001-6732-063X", "nome": "Carlos Rosário", "email": "p2632@ulusofona.pt", "pagina_pessoal": "https://research.ulusofona.pt/en/persons/carlos-eduardo-capelo-ramos-do-ros%C3%A3rio/"}}, {"model": "portfolioPWEB.docente", "pk": 206, "fields": {"codigo_docente": "5A12-B62B-248E", "nome": "Daniel Tomás De Maia Mozart Silveira", "email": "p6902@gmail.com", "pagina_pessoal": "https://research.ulusofona.pt/en/persons/daniel-tom%C3%A3s-de-maia-mozart-silveira/"}}, {"model": "portfolioPWEB.docente", "pk": 207, "fields": {"codigo_docente": "0000-0002-7482-1448", "nome": "Diogo Soares Pereira Gil Morais", "email": "diogo.morais@ulusofona.pt", "pagina_pessoal": "https://research.ulusofona.pt/en/persons/diogo-soares-pereira-gil-morais-6/"}}, {"model": "portfolioPWEB.docente", "pk": 208, "fields": {"codigo_docente": "B11A-DF5F-87D7", "nome": "Fernando Angelino", "email": "fernando.angelino@ulusofona.pt", "pagina_pessoal": "https://research.ulusofona.pt/en/persons/fernando-jos%C3%A3-de-aires-angelino/"}}, {"model": "portfolioPWEB.docente", "pk": 209, "fields": {"codigo_docente": "0000-0003-0038-1432", "nome": "Giosuè Muratore", "email": "p8344@ulusofona.pt", "pagina_pessoal": "https://research.ulusofona.pt/en/persons/giosu%C3%A3-emanuele-muratore/"}}, {"model": "portfolioPWEB.docente", "pk": 210, "fields": {"codigo_docente": "0000-0003-0960-0179", "nome": "João Caldeira", "email": "jpalmela@gmail.com", "pagina_pessoal": "https://research.ulusofona.pt/en/persons/jo%C3%A3o-carlos-palmela-pinheiro-caldeira-4/"}}, {"model": "portfolioPWEB.docente", "pk": 211, "fields": {"codigo_docente": "0000-0002-6017-5190", "nome": "João Pedro Craveiro", "email": "joao.craveiro@ulusofona.pt", "pagina_pessoal": "https://research.ulusofona.pt/en/persons/jo%C3%A3o-pedro-gon%C3%A3alves-crespo-craveiro/"}}, {"model": "portfolioPWEB.docente", "pk": 212, "fields": {"codigo_docente": "0000-0002-5461-5217", "nome": "João Pedro Lavadinho Moreira", "email": "joaopedro.moreira@protonmail.com", "pagina_pessoal": "https://research.ulusofona.pt/en/persons/jo%C3%A3o-pedro-lavadinho-moreira/"}}, {"model": "portfolioPWEB.docente", "pk": 213, "fields": {"codigo_docente": "0000-0002-1509-0518", "nome": "José Cascais Brás", "email": "cascaisbras@gmail.com", "pagina_pessoal": "https://research.ulusofona.pt/en/persons/jos%C3%A3-manuel-catarino-barreiros-cascais-br%C3%A3s/"}}, {"model": "portfolioPWEB.docente", "pk": 214, "fields": {"codigo_docente": "0000-0002-0235-2531", "nome": "Lucio Studer Ferreira", "email": "lucio.studer@ulusofona.pt", "pagina_pessoal": "https://research.ulusofona.pt/en/persons/lucio-miguel-studer-ferreira-4/"}}, {"model": "portfolioPWEB.docente", "pk": 215, "fields": {"codigo_docente": "0000-0002-1605-6848", "nome": "Maria De Lurdes Gomes Neves", "email": "p8029@ulusofona.pt", "pagina_pessoal": "https://www.cienciavitae.pt/5115-8F61-C340"}}, {"model": "portfolioPWEB.docente", "pk": 216, "fields": {"codigo_docente": "0000-0003-4054-0792", "nome": "Pedro Hugo De Queirós Alves", "email": "pedro.alves@ulusofona.pt", "pagina_pessoal": "https://research.ulusofona.pt/en/persons/pedro-hugo-de-queir%C3%A3s-alves/"}}, {"model": "portfolioPWEB.docente", "pk": 217, "fields": {"codigo_docente": "0000-0001-7380-0197", "nome": "Rui Ribeiro", "email": "rui.ribeiro@ulusofona.pt", "pagina_pessoal": "https://research.ulusofona.pt/en/persons/rui-pedro-nobre-ribeiro-4/"}}, {"model": "portfolioPWEB.docente", "pk": 218, "fields": {"codigo_docente": "0000-0003-3412-6886", "nome": "Sofia Naique", "email": "p6476@ulusofona.pt", "pagina_pessoal": "https://research.ulusofona.pt/en/persons/sofia-marta-lima-naique-4/"}}, {"model": "portfolioPWEB.docente", "pk": 219, "fields": {"codigo_docente": "0000-0003-3439-4442", "nome": "Tomaz Saraiva", "email": "tomaz.saraiva@gmail.com", "pagina_pessoal": "https://www.cienciavitae.pt/031B-CE3F-4230"}}, {"model": "portfolioPWEB.docente", "pk": 220, "fields": {"codigo_docente": null, "nome": "Carla Alexandra Da Conceição Martins Ferreira Dinis", "email": "", "pagina_pessoal": ""}}, {"model": "portfolioPWEB.docente", "pk": 221, "fields": {"codigo_docente": null, "nome": "José Carlos Honrado Pratas", "email": "", "pagina_pessoal": ""}}, {"model": "portfolioPWEB.docente", "pk": 222, "fields": {"codigo_docente": "0000-0002-0520-7938", "nome": "Iolanda Raquel Fernandes Velho", "email": "iolanda.velho@ulusofona.pt", "pagina_pessoal": "https://research.ulusofona.pt/en/persons/iolanda-raquel-fernandes-velho-4/"}}, {"model": "portfolioPWEB.docente", "pk": 223, "fields": {"codigo_docente": "0000-0002-4772-1257", "nome": "Rui Miguel Lopes Cardoso", "email": "p5258@ulusofona.pt", "pagina_pessoal": "https://research.ulusofona.pt/en/persons/rui-miguel-lopes-cardoso-2/"}}, {"model": "portfolioPWEB.docente", "pk": 224, "fields": {"codigo_docente": null, "nome": "Paulo Jorge Tavares Guedes", "email": "", "pagina_pessoal": ""}}, {"model": "portfolioPWEB.docente", "pk": 225, "fields": {"codigo_docente": null, "nome": "Lee Doo Hieng", "email": "leedoohieng@gmail.com", "pagina_pessoal": ""}}, {"model": "portfolioPWEB.competencia", "pk": 1, "fields": {"nome": "Trabalho em equipa", "tipo": "Soft Skills", "descricao": "Capacidade de colaborar com outras pessoas em projetos, partilhando responsabilidades, comunicando ideias e contribuindo para objetivos comuns.", "nivel": 5}}, {"model": "portfolioPWEB.competencia", "pk": 2, "fields": {"nome": "Comunicação", "tipo": "Soft Skills", "descricao": "Capacidade de expressar ideias de forma clara e eficaz, tanto oralmente como por escrito, facilitando a partilha de informação em contexto académico e profissional.", "nivel": 5}}, {"model": "portfolioPWEB.competencia", "pk": 3, "fields": {"nome": "Autonomia", "tipo": "Soft Skills", "descricao": "Capacidade de trabalhar de forma independente, gerir tarefas e tomar decisões sem necessidade de supervisão constante.", "nivel": 5}}, {"model": "portfolioPWEB.competencia", "pk": 4, "fields": {"nome": "Adaptabilidade", "tipo": "Soft Skills", "descricao": "Capacidade de ajustar-se a novas situações, desafios ou mudanças, mantendo desempenho e eficácia.", "nivel": 5}}, {"model": "portfolioPWEB.competencia", "pk": 5, "fields": {"nome": "Programação em Python", "tipo": "Hard Skills", "descricao": "Desenvolvimento de aplicações e scripts utilizando Python, incluindo frameworks como Django", "nivel": 3}}, {"model": "portfolioPWEB.competencia", "pk": 7, "fields": {"nome": "Programação em C", "tipo": "Hard Skills", "descricao": "Capacidade de desenvolver programas utilizando a linguagem C, aplicando conceitos fundamentais como estruturas de controlo, funções, manipulação de memória e estruturas de dados.", "nivel": 3}}, {"model": "portfolioPWEB.competencia", "pk": 8, "fields": {"nome": "Programação em Kotlin", "tipo": "Hard Skills", "descricao": "Capacidade de desenvolver aplicações utilizando a linguagem Kotlin, aplicando boas práticas de programação, estruturação de código e resolução de problemas.", "nivel": 4}}, {"model": "portfolioPWEB.competencia", "pk": 9, "fields": {"nome": "Programação em Java", "tipo": "Hard Skills", "descricao": "Capacidade de desenvolver aplicações em Java, utilizando programação orientada a objetos, estruturas de controlo e boas práticas de organização de código.", "nivel": 4}}, {"model": "portfolioPWEB.competencia", "pk": 10, "fields": {"nome": "Criação de Aplicações Web", "tipo": "Hard Skills", "descricao": "Capacidade de desenvolver aplicações web completas (front-end e back-end)", "nivel": 4}}, {"model": "portfolioPWEB.competencia", "pk": 11, "fields": {"nome": "Gestão de Base de Dados", "tipo": "Hard Skills", "descricao": "Capacidade de utilizar SQL para consultar, inserir, atualizar e gerir dados em bases de dados relacionais, garantindo integridade e eficiência na manipulação da informação.", "nivel": 4}}, {"model": "portfolioPWEB.competencia", "pk": 12, "fields": {"nome": "Análise de Dados", "tipo": "Hard Skills", "descricao": "Aptidão para recolher, processar e analisar dados com vista à tomada de decisões.", "nivel": 4}}, {"model": "portfolioPWEB.competencia", "pk": 13, "fields": {"nome": "Pensamento crítico", "tipo": "Soft Skills", "descricao": "Capacidade de analisar informação de forma lógica e fundamentada, questionando soluções e tomando decisões conscientes.", "nivel": 5}}, {"model": "portfolioPWEB.competencia", "pk": 14, "fields": {"nome": "Fundamentos de Redes", "tipo": "Hard Skills", "descricao": "Capacidade de compreender e aplicar conceitos fundamentais de redes informáticas, incluindo protocolos de comunicação, endereçamento IP e configuração básica de dispositivos de rede.", "nivel": 2}}, {"model": "portfolioPWEB.tecnologia", "pk": 1, "fields": {"nome": "Signavio SAP", "tipo": "Ferramenta / Software de Modelação de Processos", "descricao": "SAP Signavio é uma ferramenta utilizada para modelação, análise e otimização de processos de negócio. Permite representar processos através de diagramas (BPMN), facilitando a compreensão, melhoria e gestão das atividades dentro de uma organização.", "logo": "tecnologias/logo-sap-signavio.png", "website": "https://www.signavio.com", "nivel_conhecimento": 4, "nivel_interesse": 5, "competencias": [1, 2, 4, 13]}}, {"model": "portfolioPWEB.tecnologia", "pk": 2, "fields": {"nome": "Power BI", "tipo": "Ferramenta de Business Intelligence", "descricao": "Power BI é uma ferramenta de análise e visualização de dados que permite transformar dados em relatórios interativos e dashboards. É utilizada para apoiar a tomada de decisão através da análise de informação de forma clara e intuitiva.", "logo": "tecnologias/ower-bi-microsoft-logo-vector-png_1020x.jpg", "website": "https://powerbi.microsoft.com", "nivel_conhecimento": 5, "nivel_interesse": 5, "competencias": [12, 13]}}, {"model": "portfolioPWEB.tecnologia", "pk": 3, "fields": {"nome": "CLion", "tipo": "IDE (Ambiente de Desenvolvimento Integrado)", "descricao": "CLion é um ambiente de desenvolvimento integrado desenvolvido pela JetBrains, utilizado principalmente para programação em C e C++. Oferece ferramentas avançadas como análise de código, debugging e integração com sistemas de build, facilitando o desenvolvimento de software de forma eficiente.", "logo": "tecnologias/1_hMIJFjnXOpxoeIukC3zDeA.png", "website": "https://www.jetbrains.com/clion/", "nivel_conhecimento": 3, "nivel_interesse": 3, "competencias": [4, 7]}}, {"model": "portfolioPWEB.tecnologia", "pk": 4, "fields": {"nome": "Intellij", "tipo": "IDE (Ambiente de Desenvolvimento Integrado)", "descricao": "IntelliJ IDEA é um ambiente de desenvolvimento integrado desenvolvido pela JetBrains, utilizado principalmente para desenvolvimento em Java. Oferece funcionalidades como análise inteligente de código, debugging e integração com diversas ferramentas, facilitando o desenvolvimento de aplicações de forma eficiente.", "logo": "tecnologias/JetBrains_IntelliJ_IDEA_Product_Icon.svg.png", "website": "https://www.jetbrains.com/idea/", "nivel_conhecimento": 3, "nivel_interesse": 4, "competencias": [4, 8]}}, {"model": "portfolioPWEB.tecnologia", "pk": 5, "fields": {"nome": "LinkedIn", "tipo": "Rede profissional / Plataforma online", "descricao": "LinkedIn é uma plataforma online focada no networking profissional, onde os utilizadores podem criar um perfil, partilhar experiências, conectar-se com outros profissionais e procurar oportunidades de emprego. É amplamente utilizado para construir uma presença profissional e desenvolver uma carreira.", "logo": "tecnologias/LinkedIn_icon.svg.webp", "website": "https://www.linkedin.com/", "nivel_conhecimento": 5, "nivel_interesse": 3, "competencias": [3]}}, {"model": "portfolioPWEB.tecnologia", "pk": 6, "fields": {"nome": "OracleDataModeler", "tipo": "Ferramenta de modelação de bases de dados", "descricao": "Oracle SQL Developer Data Modeler é uma ferramenta utilizada para modelar, desenhar e estruturar bases de dados. Permite criar diagramas entidade-relacionamento (ER), definir tabelas, atributos e relações, facilitando o desenvolvimento e organização de sistemas de informação.", "logo": "tecnologias/icon256.png", "website": "https://www.oracle.com/database/sqldeveloper/technologies/sql-data-modeler/", "nivel_conhecimento": 3, "nivel_interesse": 4, "competencias": [1, 12, 13]}}, {"model": "portfolioPWEB.tecnologia", "pk": 7, "fields": {"nome": "WireShark", "tipo": "Ferramenta de análise de redes", "descricao": "Wireshark é uma ferramenta de análise de tráfego de rede que permite capturar e examinar pacotes de dados em tempo real. É utilizada para diagnosticar problemas de rede, analisar protocolos e compreender o funcionamento das comunicações entre sistemas.", "logo": "tecnologias/Wireshark_icon_new.png", "website": "https://www.wireshark.org/", "nivel_conhecimento": 2, "nivel_interesse": 1, "competencias": [4, 13, 14]}}, {"model": "portfolioPWEB.tecnologia", "pk": 8, "fields": {"nome": "Jupyter Notebook", "tipo": "Ambiente interativo de programação", "descricao": "Jupyter Notebook é um ambiente interativo que permite escrever e executar código, especialmente em Python, combinando texto, código e visualizações num único documento. É amplamente utilizado para análise de dados, aprendizagem e experimentação.", "logo": "tecnologias/Jupyter_logo.svg.png", "website": "https://jupyter.org/", "nivel_conhecimento": 3, "nivel_interesse": 5, "competencias": [3, 4, 13]}}, {"model": "portfolioPWEB.tecnologia", "pk": 9, "fields": {"nome": "Django", "tipo": "Framework web", "descricao": "Django é um framework web em Python que permite desenvolver aplicações web de forma rápida e estruturada. Inclui funcionalidades como gestão de base de dados, sistema de autenticação e interface administrativa, facilitando a criação de projetos completos.", "logo": "tecnologias/django-logo-positive.png", "website": "https://www.djangoproject.com/", "nivel_conhecimento": 3, "nivel_interesse": 4, "competencias": [3, 4, 5, 13]}}, {"model": "portfolioPWEB.tecnologia", "pk": 10, "fields": {"nome": "Trello", "tipo": "Ferramenta de gestão de projetos", "descricao": "Trello é uma ferramenta de gestão de projetos baseada em quadros (boards), listas e cartões, que permite organizar tarefas, acompanhar o progresso de projetos e facilitar o trabalho em equipa de forma visual e intuitiva.", "logo": "tecnologias/Trello-logo-blue.svg.png", "website": "https://trello.com/", "nivel_conhecimento": 4, "nivel_interesse": 5, "competencias": [1, 2, 3, 4, 13]}}, {"model": "portfolioPWEB.tecnologia", "pk": 11, "fields": {"nome": "Cisco Packet Tracer", "tipo": "Simulador de redes", "descricao": "Cisco Packet Tracer é uma ferramenta de simulação de redes que permite criar, configurar e testar redes informáticas de forma virtual. É utilizada para aprender conceitos de redes, como configuração de dispositivos, protocolos e comunicação entre sistemas.", "logo": "tecnologias/cisco-packet-tracer.png", "website": "https://www.netacad.com/courses/packet-tracer", "nivel_conhecimento": 1, "nivel_interesse": 1, "competencias": [4, 13, 14]}}, {"model": "portfolioPWEB.tecnologia", "pk": 12, "fields": {"nome": "Azure Data Studio", "tipo": "Ferramenta de gestão de bases de dados", "descricao": "Azure Data Studio é uma ferramenta desenvolvida pela Microsoft para gestão e consulta de bases de dados, especialmente SQL Server. Permite executar queries, visualizar dados e analisar informação de forma eficiente, sendo utilizada em contextos de desenvolvimento e análise de dados.", "logo": "tecnologias/azure-data-studio-logo.png", "website": "https://learn.microsoft.com/en-us/sql/azure-data-studio/", "nivel_conhecimento": 3, "nivel_interesse": 4, "competencias": [4, 11, 13]}}, {"model": "portfolioPWEB.tecnologia", "pk": 13, "fields": {"nome": "Docker", "tipo": "Plataforma de virtualização / Containerização", "descricao": "Docker é uma plataforma que permite criar, gerir e executar aplicações em containers. Os containers isolam a aplicação e as suas dependências, garantindo que funcionam de forma consistente em diferentes ambientes, desde desenvolvimento até produção.", "logo": "tecnologias/Docker_Logo.png", "website": "https://www.docker.com/", "nivel_conhecimento": 5, "nivel_interesse": 5, "competencias": [4]}}, {"model": "portfolioPWEB.tecnologia", "pk": 14, "fields": {"nome": "Notion", "tipo": "Ferramenta de organização e produtividade", "descricao": "Notion é uma ferramenta de produtividade que permite organizar informação, criar notas, gerir tarefas e estruturar projetos. É utilizada para planear trabalho, acompanhar progresso e centralizar conteúdos de forma organizada e intuitiva.", "logo": "tecnologias/notion-icon.webp", "website": "https://www.notion.so/", "nivel_conhecimento": 4, "nivel_interesse": 5, "competencias": [1, 2, 4, 13]}}, {"model": "portfolioPWEB.tecnologia", "pk": 15, "fields": {"nome": "GitHub", "tipo": "Plataforma de controlo de versões", "descricao": "GitHub é uma plataforma online que permite gerir e armazenar código utilizando controlo de versões com Git. Facilita o trabalho colaborativo, o acompanhamento de alterações e a partilha de projetos, sendo amplamente utilizada no desenvolvimento de software.", "logo": "tecnologias/logo-03.cc5e5332.png", "website": "https://github.com/", "nivel_conhecimento": 0, "nivel_interesse": 4, "competencias": [2, 4, 13]}}, {"model": "portfolioPWEB.tecnologia", "pk": 16, "fields": {"nome": "UTM", "tipo": "Plataforma de virtualização", "descricao": "UTM é uma ferramenta de virtualização que permite executar diferentes sistemas operativos num único dispositivo. Baseada em QEMU, é utilizada para criar máquinas virtuais, permitindo testar software e ambientes de forma isolada.", "logo": "tecnologias/images.jpeg", "website": "https://mac.getutm.app/", "nivel_conhecimento": 3, "nivel_interesse": 4, "competencias": [13]}}, {"model": "portfolioPWEB.tecnologia", "pk": 17, "fields": {"nome": "PowerApps", "tipo": "Plataforma de desenvolvimento low-code", "descricao": "Power Apps é uma plataforma da Microsoft que permite criar aplicações de forma rápida utilizando uma abordagem low-code. É utilizada para desenvolver aplicações empresariais, automatizar processos e integrar dados de diferentes fontes sem necessidade de programação avançada.", "logo": "tecnologias/Microsoft-PowerApps-Logo.webp", "website": "https://powerapps.microsoft.com/", "nivel_conhecimento": 5, "nivel_interesse": 5, "competencias": [1, 2, 4, 10, 13]}}, {"model": "portfolioPWEB.tecnologia", "pk": 18, "fields": {"nome": "PowerAutomate", "tipo": "Ferramenta de automação de processos", "descricao": "Power Automate é uma ferramenta da Microsoft que permite automatizar processos e fluxos de trabalho entre diferentes aplicações e serviços. É utilizada para integrar sistemas, automatizar tarefas repetitivas e melhorar a eficiência em contextos empresariais.", "logo": "tecnologias/images.png", "website": "https://powerautomate.microsoft.com/", "nivel_conhecimento": 3, "nivel_interesse": 4, "competencias": [10, 13]}}, {"model": "portfolioPWEB.tecnologia", "pk": 19, "fields": {"nome": "SharePoint", "tipo": "Plataforma de gestão de informação e colaboração", "descricao": "SharePoint é uma plataforma da Microsoft utilizada para armazenar, organizar e partilhar informação dentro de organizações. Permite criar sites colaborativos, gerir documentos e integrar com ferramentas como Power Apps e Power Automate.", "logo": "tecnologias/images_1.png", "website": "https://www.microsoft.com/sharepoint", "nivel_conhecimento": 5, "nivel_interesse": 5, "competencias": [10, 13]}}, {"model": "portfolioPWEB.unidadecurricular", "pk": 1, "fields": {"codigo_uc": "ULHT12-1796", "nome": "Contabilidade", "ano_curricular": 1, "semestre": 1, "creditos": 6, "descricao": "A Unidade Curricular de Contabilidade precede e está interligada com a Unidade Curricular em Gestão Financeira em termos de conteúdo programático e habilita os estudantes com conhecimentos técnicos basilares necessários para a fase seguinte do percurso académico com sucesso. Ficam qualificados com uma importante ferramenta de trabalho indispensável e de imediata aplicação na vida empresarial, dentro da área de gestão.", "imagem": "ucs/Elementos_de_contabilidade_em_destaque.png", "link_uc": "https://www.ulusofona.pt/lisboa/licenciaturas/informatica-de-gestao/ULHT12-1796", "metodologia": "Incluir também as metodologias inovadoras de suporte ao processo de ensino-aprendizagem utilizadas. Considerando que se vive numa época de elevado avanço nas tecnologias de informação, o ensino da U.C. é ministrado na ótica da informática e não na forma clássica tradicional.", "objetivos": "Visa transmitir conhecimentos técnicos contabilísticos e capacidade para interpretar Mapas de Demonstrações Financeiras, necessárias numa gestão moderna e participativa que integra todos os gestores funcionais, entre os quais, o gestor informático, como ferramenta de trabalho, face aos desafios de um mercado competitivo e global. A adoção de um modelo de ensino de Contabilidade na ótica da Informática leva os alunos, com reforço ao seu percurso académico, a adquirirem um instrumento que lhes possibilita, com prática suficiente, uma aplicação imediata e de sucesso na vida profissional, onde são requeridas a capacidade e a competência para analisarem e adaptarem os diversos modelos de softwares contabilísticos existentes no mundo empresarial à natureza específica dos negócios de cada unidade ou à sua dimensão e estrutura e ainda para elaborarem mapas para o controlo de gestão (gestão de stocks, gestão de tesouraria, informação financeira, etc),", "programa": "Conteúdos programáticos: 1. INTRODUÇÃO: A Contabilidade como Sistema de Informação. Objetivos da Contabilidade Geral/Financeira. 2. CONCEITOS FUNDAMENTAIS: O Património. Conceitos de Activo, Passivo e Capitais Próprios. O Inventário. 3. O MÉTODO CONTABILÍSTICO: A dinâmica patrimonial. Factos Patrimoniais. A formação dos Resultados. Ligação com Balanço e Demonstração de Resultados Líquidos. As Contas. Dispositivos da conta. Regras de movimentação. Os Lançamentos. Fases do processo escritural. 4. SNC-SISTEMA DE NORMALIZAÇÃO CONTABILÍSTICA. 5. ESTUDO DE ALGUMAS CONTAS E MOVIMENTOS: AVALIAÇÃO DE INVENTÁRIOS E ACTIVOS BIOLÓGICOS. CONTAS A RECEBER E A PAGAR / IVA ? Imposto sobre o Valor Acrescentado. CAPITAIS PRÓPRIOS : Capital, Reservas e Resultados Transitados. INVESTIMENTOS : Financeiros, Propriedades de Investimento e Activos Fixos. GASTOS DE DEPRECIAÇÃO E AMORTIZAÇÃO. PERDAS POR IMPARIDADE E PROVISÕES. 6. ELABORAÇÃO DAS DEMOSTRAÇÕES FINANCEIRAS (Simplificadas)", "avaliacao": "Teste de avaliação\r\nTrabalho Prático Individual\r\nParticipação e assiduidade\r\nFrequência\r\nExame Final de Recurso", "licenciaturas": [2], "docentes": [225], "competencias": [13], "tecnologias": []}}, {"model": "portfolioPWEB.unidadecurricular", "pk": 2, "fields": {"codigo_uc": "ULHT12-8334", "nome": "Fundamentos de Sistemas de Informação", "ano_curricular": 1, "semestre": 1, "creditos": 7, "descricao": "A disciplina insere-se no plano geral de formação em sistemas de informação da licenciatura e tem como principais objetivos fornecer aos alunos um conjunto de conhecimentos gerais e específicos que lhes permita a compreensão e domínio dos tipos, características e papel dos Sistemas de Informação em toda a sociedade e em particular nas empresas, bem como de Gestão e Planeamento de Sistemas de Informação Empresariais, representar e modelar processos de negócio e requisitos. Aprender a especificar e selecionar novos sistemas de informação. Conhecer as metodologias de desenvolvimento e aspetos de segurança a considerar.", "imagem": "ucs/Fundamentos_da_tecnologia_da_informacao.png", "link_uc": "https://www.ulusofona.pt/lisboa/licenciaturas/informatica-de-gestao/ULHT12-8334", "metodologia": "Uso de ferramentas interativas para jogos de aprendizagem em grupo, como por exemplo Kahoot.", "objetivos": "A disciplina insere-se no plano geral de formação em sistemas de informação da licenciatura e tem como principais objetivos fornecer aos alunos um conjunto de conhecimentos gerais e específicos que lhes permita a compreensão e domínio dos tipos, características e papel dos Sistemas de Informação em toda a sociedade e em particular nas empresas, bem como de Gestão e Planeamento de Sistemas de Informação Empresariais e representar e modelar processos de negócio. Estes conhecimentos são reforçados pela abordagem e análise de vários casos práticos de estudo e trabalhos de pesquisa complementar bem como utilização de uma ferramenta de modelação de processos. Unidade curricular de iniciação aos Sistemas de Informação foca-se no estudo de conceitos e temas de referência na área, como Planeamento e Gestão de Sistemas de Informação, Arquitecturas e BPM (Business Process Management). Conhecer metodologias de desenvolvimento e segurança e saber especificar, selecionar e adquirir, novos sistemas.", "programa": "Componente Teórica\r\n\r\n\r\n\t Conceito de Sistemas de Informação: Pessoas, Processos e Tecnologia \r\n\tPirâmide do Conhecimento: Dados, Informação, Conhecimento e Sabedoria\r\n\tEstratégia e SI e Sistemas Empresariais: gestão de clientes (CRM), gestão de recursos (ERP), plataformas logísticas (SCM), marketplaces e ebusiness, SIG, sistemas móveis, etc.\r\n\tEstruturas de Hardware e Software\r\n\tArquiteturas Empresariais 2 e 3 níveis\r\n\tQualidade e Metodologias de Gestão de SI/IT (ITIL, CobiT, CMM)\r\n\tÉtica e impactos legais da tecnologia \r\n\r\n\r\nComponente Prática \r\n\r\n\r\n\tDiagrama de Ishikawa (este pode passar para as teóricas, mas pode ser um bom início de estruturação de problemas antes de processos)\r\n\tConceitos de Processos e BPM\r\n\tNotação BPMN\r\n\tConceitos base de Process Mining\r\n\tConceito base de Lean Six Sigma", "avaliacao": "Teoria - 50%\r\n\r\nTeste final - 50%\r\nMiniteste - 15%\r\nTrabalho de Grupo - 25%\r\nParticipação (apresentações, discussões, obras, exercícios, entre outros) - 10%\r\nProjeto - 50%\r\n\r\nTrabalho Final - 40%\r\n2 Trabalhos intermédios - 40%\r\nTrabalhos em aula - 10%\r\nParticipação em aula - 10%\r\nNotas adicionais:\r\nDesenvolvimento de mini trabalhos\r\nEntregas incrementais\r\nApresentação oral final\r\nEquipas de 2 a 4  alunos\r\nNota mínima em cada componente 9.5 valores em 20.", "licenciaturas": [2], "docentes": [2, 34], "competencias": [1, 2, 4, 12, 13], "tecnologias": [1]}}, {"model": "portfolioPWEB.unidadecurricular", "pk": 3, "fields": {"codigo_uc": "ULHT12-1", "nome": "Matemática I", "ano_curricular": 1, "semestre": 1, "creditos": 6, "descricao": "Esta disciplina abrange os métodos fundamentais de Cálculo associados a funções reais de variável real. É uma área transversal a todas as engenharias e demais cursos de cariz científico. Abrange os métodos clássicos de cálculo diferencial e Integral a uma dimensão.", "imagem": "ucs/Ambiente_de_programacao_e_criatividade_digital.png", "link_uc": "https://www.ulusofona.pt/lisboa/licenciaturas/informatica-de-gestao/ULHT12-1", "metodologia": "Todo o material de apoio e informação relevante será partilhada com as(os) alunas(os) através do Moodle.\r\n\r\n\tAs aulas teóricas (e notas publicadas no Moodle) permitem apresentar as ideias que fundamentam o programa desta Unidade Curricular (UC).\r\n\tPara cada tópico desta UC é apresentada uma ficha de exercícios de aplicação. A(O)s alunas(os) são incentivados a resolver estes exercícios assim como a apresentar quaisquer dúvidas.\r\n\tA avaliação conta com 2 testes de 60 minutos ou um teste (Frequência Final, com duração de 90 minutos) ou exame (Recurso).\r\n\t\r\n\t\t(Média dos 2 testes) = A         (Nota de Exame Recurso) = B\r\n\t\tSe A > 9,5 o(a) aluno(a) está aprovado à UC e poderá fazer exame se quiser melhorar a nota. Neste caso, a Nota Final = max(A,B)\r\n\t\tSe A < 9,5 o(a) aluno(a) está reprovado à UC e terá de fazer exame se quiser obter aprovação à UC.", "objetivos": "Esta disciplina confere a(o) aluna(o) conhecimentos que lhe permitam utilizar, de forma criativa, autónoma, e em contextos diversificados:\r\n\r\nOA1: a linguagem simbólica matemática e o raciocínio matemático;\r\n\r\nOA2: os conceitos e resultados fundamentais do cálculo diferencial, de modo a que possa proceder ao estudo de uma função real de variável real;\r\n\r\nOA3: os métodos de primitivação:\r\n\r\nOA4: as noções fundamentais do cálculo integral, de modo a que possa calcular integrais simples e determinar áreas de domínios planos.", "programa": "1. Números reais\r\n\r\n\r\n\tRacionais e irracionais; operações algébricas entre frações.\r\n\r\n\r\n2. Funções reais de variável real\r\n\r\n\r\n\tGeneralidades sobre funções (domínio, imagem, leitura de domínio e imagem num gráfico, curvas de nível). Funções polinomiais e racionais. Raíz quadrada de um real. Funções trigonométricas. Função exponencial e logarítmica.\r\n\r\n\r\n3. Limite:\r\n\r\n\r\n\tDefinição e propriedades do limite de uma função num ponto. Indeterminações (0/0  e  +00-00). Continuidade de funções.\r\n\r\n\r\n4. Derivada: \r\n\r\n\r\n\tInterpretação geométrica. Regras de derivação. Derivadas de ordem superior. Regra de Cauchy.\r\n\r\n\r\n5. Estudo global de uma função:\r\n\r\n\r\n\tMonotonia e extremos relativos. Concavidade e pontos de inflexão. Assíntotas. Gráficos.\r\n\r\n\r\n6. Integração:\r\n\r\n\r\n\tPrimitiva imediata. Primitivação por substituição e por partes. Integral definido, teorema fundamental do cálculo.  Aplicações da integração (áreas de figuras planas).", "avaliacao": "A avaliação a esta UC conta com:\r\n\r\n \r\n\r\n1. uma componente contínua, que consiste na realização de 2 testes (com duração de 60 minutos, cada)\r\n\r\n2. um teste (Frequência Final, com duração de 90 minutos)\r\n\r\n3. um exame (Recurso, com duração de 90 minutos). \r\n\r\n \r\n\r\n \r\n\r\n \r\n\r\nSupondo que (Média dos 2 testes) = A         (Nota de Exame Recurso) = B  temos: \r\n\r\n \r\n\r\nSe A > 9,5 \to(a) aluno(a) está aprovado à UC e poderá fazer a Frequência Final (FF) ou o Recurso (ER) se quiser melhorar a nota.\r\nSe A < 9,5 \to(a) aluno(a) está reprovado à UC e terá de fazer fazer a Frequência Final (FF) ou o Recurso (ER) se quiser obter aprovação à UC.", "licenciaturas": [2], "docentes": [218], "competencias": [13], "tecnologias": []}}, {"model": "portfolioPWEB.unidadecurricular", "pk": 4, "fields": {"codigo_uc": "ULHT12-7432", "nome": "Teoria e Prática de Marketing", "ano_curricular": 1, "semestre": 1, "creditos": 5, "descricao": "A unidade curricular Teoria e Prática de Marketing oferece aos estudantes uma visão global sobre os principais conceitos, ferramentas e práticas do marketing. Procura articular fundamentos teóricos com aplicações práticas no campo da Informática de Gestão, permitindo compreender o papel do consumidor, os desafios das organizações e a importância do marketing no atual contexto digital.\r\n\r\nA disciplina prepara os estudantes para analisar criticamente tendências, identificar oportunidades de mercado e aplicar noções fundamentais à realidade empresarial.", "imagem": "ucs/Teoria_e_pratica_do_marketing_digital.png", "link_uc": "https://www.ulusofona.pt/lisboa/licenciaturas/informatica-de-gestao/ULHT12-7432", "metodologia": "A UC adota metodologias ativas que promovem a autonomia, o pensamento crítico e a aplicação prática dos conceitos:\r\n\r\n\r\n\r\nAulas teórico-práticas / Sala de aula invertida /  Design Thinking / Fóruns de discussão / Trabalhos de grupo", "objetivos": "1. Compreender os fatores que influenciam o marketing no ambiente empresarial.\r\n\r\n2. Conhecer os princípios teóricos fundamentais do marketing.\r\n\r\n3. Identificar e analisar as principais variáveis do marketing mix.\r\n\r\n4. Avaliar o impacto das novas tecnologias, incluindo o marketing digital e a inteligência artificial.\r\n\r\n5. Desenvolver competências analíticas para interpretar e aplicar estratégias de marketing.", "programa": "Introdução ao Marketing\r\n\t\r\n\t\r\n\tAmbiente de Marketing (macro e micro)\r\n\t\r\n\t\r\n\tO Mercado e o Sistema de Informação de Marketing\r\n\t\r\n\t\r\n\tSegmentação, Targeting e Posicionamento\r\n\t\r\n\t\r\n\tEstratégias de Marketing (incluindo Marketing Digital e IA)\r\n\t\r\n\t\r\n\tMarketing Mix: Produto, Preço, Distribuição, Comunicação e Serviços", "avaliacao": "Frequência\tMoodle\t50%\r\nEstudo de caso com apresentação e discussão\tMoodle\t40%\r\nExercícios práticos realizados em sala\tMoodle\t10%", "licenciaturas": [2], "docentes": [15], "competencias": [1, 2, 13], "tecnologias": []}}, {"model": "portfolioPWEB.unidadecurricular", "pk": 5, "fields": {"codigo_uc": "ULHT12-13397", "nome": "Algoritmia e Estruturas de Dados", "ano_curricular": 1, "semestre": 2, "creditos": 6, "descricao": "Esta UC surge no 2º semestre do 1º ano, na continuação do trabalho iniciado em Fundamentos de Programação (FP). Em FP, os alunos deram os primeiros passos na programação e preocuparam-se principalmente em produzir programas correctos. Agora, em Algoritmia e Estruturas de Dados, irão continuar a produzir programas correctos mas com preocupações de desempenho, a nível de tempo de execução e consumo de memória.\r\n\r\nEsta é uma UC fundamental no currículo de um Engenheiro Informático, que na sua vida profissional encontrará inúmeras situações em que terá que resolver problemas causados por fraco desempenho das aplicações e que exigem um conhecimento sólido dos princípios subjacentes aos principais algoritmos e estruturas de dados.\r\n\r\nNão obstante a aprendizagem de conceitos e técnicas de algoritmia e estruturas de dados, os alunos trabalham outras competências fundamentais. Nomeadamente, o espírito crítico e a capacidade de avaliar várias alternativas para resolver os problemas.", "imagem": "ucs/Algoritmos_e_estruturas_de_dados.png", "link_uc": "https://www.ulusofona.pt/lisboa/licenciaturas/informatica-de-gestao/ULHT12-13397", "metodologia": "Na componente teórica, algumas aulas utilizam o modelo \"flipped learning\": os alunos visualizam vídeos que explicam certos conteúdos antes da aula teórica, e a aula teórica acaba por ser teórico-prática, com os alunos a resolverem exercícios relacionados com os vídeos. São também feitas sessões de live coding, em que o professor projeta o seu computador e desenvolve programas à frente dos alunos.\r\n\r\nNa componente prática, é utilizada uma ferramenta de validação automática de código (Drop Project), que permite que os alunos avancem nos exercícios de forma relativamente autónoma. O projeto também é realizado nesse modelo, sem limite de tentativas: o aluno pode submeter quantas vezes quiser até passar os testes automáticos.\r\n\r\nO uso de LLMs é autorizado e até incentivado, no sentido de complementar e não substituir - no entanto, para evitar comportamentos de \"copy&prompting\" pouco didáticos, os exercícios são apresentados de forma visual (seja com diagramas seja com vídeos).", "objetivos": "O objectivo desta unidade curricular é introduzir os conceitos fundamentais de algoritmos e das estruturas de dados básicas, numa perspetiva de resolver problemas complexos de uma forma eficiente. O aluno deverá ser capaz de analisar e avaliar a eficiência de um algoritmo sem necessidade de o implementar ou testar. Deverá ser igualmente capaz de aplicar a estrutura de dados mais eficaz e eficiente para resolver um determinado problema.\r\n\r\nConcretamente, o aluno deverá conseguir criar programas em Java cuja eficiência seja um critério significativo de sucesso (ex: pesquisa, ordenação).", "programa": "funções recursivas, algoritmos recursivos\r\n\ttipos de dados complexos\r\n\teficiência e optimização (algorítmica e não-algorítmica)\r\n\tcomplexidade de algoritmos\r\n\talgoritmos de pesquisa\r\n\talgoritmos de ordenação - bubble sort, selection sort, merge sort, quick sort \r\n\ttipos de dados abstractos - pilhas e filas\r\n\tlistas ligadas\r\n\tárvores binárias, árvores ordenadas, árvores AVL\r\n\thashtables", "avaliacao": "Componente teórica (40% da nota final, nota mínima 9,5)  \r\ntem duas opções: avaliação contínua ou apenas uma frequência completa\r\n\r\nAvaliação contínua\r\nFrequência parte 2 (segunda metade da matéria) - 45% - nota mínima: 8 (apenas para quem passou na frequência parte 1)\r\nFrequência parte 1 (primeira metade da matéria) - 45% - nota mínima: 8\r\n3 TPCs - 10%\r\nFrequência completa (toda a matéria) - 100% - nota mínima: 9,5\r\nComponente prática (60% da nota final, nota mínima 9,5)\r\n2 mini-fichas presenciais - 25%, feitas durante a aula prática, usando o Drop Project (ferramenta de validação automática de código)\r\n\r\nParticipação - 10%, calculada a partir do número de fichas práticas submetidas dentro do prazo\r\nProjeto em grupos de 2, com defesa presencial - 65% (apenas serão aceites grupos de 1 aluno em situações excepcionais, devidamente justificadas)\r\nA defesa presencial inclui alterações no código da aplicação que cada aluno terá que fazer individualmente assim como perguntas colocadas individualmente.\r\nA nota da defesa presencial pode ir de 0 a 100% e é aplicada à nota do projecto\r\nNota: Se tiver nota mínima numa componente, essa nota é transferida para época de recurso e época especial do mesmo ano letivo.\r\n\r\nEm época de recurso e especial, mantém-se a obrigatoriedade de aprovar na componente teórica e prática (nota mínima em cada uma é 9,5). A componente teórica é avaliada através de um exame e a componente prática é avaliada através de um projeto e respetiva defesa individual.", "licenciaturas": [2], "docentes": [105, 212], "competencias": [1, 2, 9, 13], "tecnologias": [4, 15]}}, {"model": "portfolioPWEB.unidadecurricular", "pk": 6, "fields": {"codigo_uc": "ULHT12-154", "nome": "Cálculo Financeiro", "ano_curricular": 1, "semestre": 2, "creditos": 5, "descricao": "A Unidade Curricular insere-se no plano geral de formação na Licenciatura de Informática de Gestão, procurando dotar os alunos dos principais conceitos de Cálculo Financeiro visando o suporte\r\n\r\npara a tomada de decisão, temática crítica no contexto empresarial.", "imagem": "ucs/Calculos_financeiros_em_um_ambiente_digital.png", "link_uc": "https://www.ulusofona.pt/lisboa/licenciaturas/informatica-de-gestao/ULHT12-154", "metodologia": "Interação dinâmica de alunos com plataformas digitais.", "objetivos": "Ensinar técnicas de cálculo financeiro com a finalidade de dotar o aluno com competências para\r\n\r\na execução prática do cálculo financeiro, nomeadamente:\r\n\r\n- Conhecer e compreender os conceitos básicos de cálculo financeiro\r\n\r\n- Obter prática de cálculo de atualização e capitalização\r\n\r\n- Saber calcular o valor de uma renda\r\n\r\n- Saber determinar as amortizações de empréstimos\r\n\r\n- Saber analisar as diversas fontes de financiamento das empresas\r\n\r\n- Saber construir folhas de cálculo para a resolução dos problemas de cálculo financeiro", "programa": "1. Conceitos Básicos\r\n\r\n2. Regimes de Capitalização\r\n\r\n2.1. Regime de juro simples\r\n\r\n2.2. Regime de juro composto\r\n\r\n3. Equivalência de Capitais\r\n\r\n3.1. Equação de valor\r\n\r\n3.2. Capital único\r\n\r\n3.3. Vencimento médio\r\n\r\n3.4. Taxa média\r\n\r\n4. Equivalência de taxas\r\n\r\n4.1. Taxas nominais e taxas efetivas\r\n\r\n4.2. Taxas equivalentes\r\n\r\n4.3. Taxa instantânea de capitalização\r\n\r\n4.4. TAEG\r\n\r\n5. Rendas\r\n\r\n5.1. Noção e classificação\r\n\r\n5.2. Rendas de termos constantes\r\n\r\n5.2.1. Rendas inteiras\r\n\r\n5.2.2. Rendas fracionadas\r\n\r\n5.2.3. Rendas perpétuas\r\n\r\n6. Empréstimos\r\n\r\n6.1. Empréstimos clássicos\r\n\r\n6.1.1. Conceitos genéricos\r\n\r\n6.1.2. Classificação quanto ao período de reembolso e pagamento de juros\r\n\r\n6.2. Empréstimos por obrigações\r\n\r\n6.2.1. Conceitos genéricos\r\n\r\n6.2.2. Modalidades", "avaliacao": "Teste de avaliação 90%\r\n\r\nParticipação 10%", "licenciaturas": [2], "docentes": [223], "competencias": [13], "tecnologias": []}}, {"model": "portfolioPWEB.unidadecurricular", "pk": 7, "fields": {"codigo_uc": "ULHT12-17267", "nome": "Competências Comportamentais", "ano_curricular": 1, "semestre": 2, "creditos": 4, "descricao": "Esta unidade curricular (UC) inscreve-se num contexto onde têm sido elencadas necessidades de adaptação dos especialistas em informática ao contexto das organizações, nomeadamente no que às denominadas soft skills diz respeito. Assim, pretende-se que os alunos desenvolvam conhecimentos ao nível das ferramentas básicas de empregabilidade (ex. Currículo, redes sociais e networking, marketing pessoal), gestão das emoções, gestão de tempo (ex. trabalho remoto), trabalho em equipa e liderança, comunicação e desenvolvimento de competências comportamentais e autoconhecimento. Por outro lado, é objetivo desta UC o desenvolvimento de um plano individual de desenvolvimento pessoal, bem como de aptidões que permitam aos alunos destingir entre factos e opiniões, conhecimento científico e senso comum. Sendo uma UC de índole prática, pretende-se que os conhecimentos sejam operacionalizáveis e tendentes ao desenvolvimento de competências transferíveis do plano académico para a domínio profissional.", "imagem": "ucs/Competencias_comportamentais_em_foco.png", "link_uc": "https://www.ulusofona.pt/lisboa/licenciaturas/informatica-de-gestao/ULHT12-17267", "metodologia": "O trabalho desenvolvido no contexto da desciplina de competências comportamentais assenta numa metodologia participativa e interactiva onde os alunos têm um papel determinante na forma como o trabalho é desenvolvido. Os docentes são apenas condutores do processo pedagógico, dando ampla liberdade aos alunos para o seu próprio caminho de desenvolvimento de competências. As aulas práticas e teóricas funcionam em conjunção permitindo aos alunos uma sedimentação dos conteúdos decorrentes das discussões nas aulas teóricas numa transferência para o contexto prático, realizado na aulas práticas.", "objetivos": "Pretende-se que os alunos desenvolvam conhecimentos ao nível das ferramentas básicas de empregabilidade (ex. Currículo, redes sociais e networking, marketing pessoal), gestão das emoções, gestão de tempo (ex. trabalho remoto), trabalho em equipa e liderança, comunicação e desenvolvimento de competências comportamentais e autoconhecimento. Por outro lado, é objetivo desta UC o desenvolvimento de um plano individual de desenvolvimento pessoal, bem como de aptidões que permitam aos alunos destingir entre factos e opiniões, conhecimento científico e senso comum. Sendo uma UC de índole prática, pretende-se que os conhecimentos sejam operacionalizáveis e tendentes ao desenvolvimento de competências transferíveis do plano académico para a domínio profissional.", "programa": "1. Marketing Pessoal e personal skills development:\r\n\r\na. CV;\r\n\r\nb. Portefólio;\r\n\r\nc. Apresentação pessoal e comunicação interpessoal;\r\n\r\nd. Apresentação em público e ferramentas para o efeito;\r\n\r\ne. Redes sociais e Networking.\r\n\r\n2. Gestão de tempo:\r\n\r\na. Trabalho remoto e comunicação mediada;\r\n\r\n3. As tecnologias no trabalho: oportunidades e ameaças;\r\n\r\n4. Trabalho em equipa;\r\n\r\n5. Resolução de problemas e Pensamento crítico.\r\n\r\n6. Factos Vs Opiniões;\r\n\r\n7. Work-life balance.", "avaliacao": "Teste de avaliação (frequência) 30%\r\n\r\nTrabalho grupo 30%\r\n\r\nTrabalho Individual 40%", "licenciaturas": [2], "docentes": [207, 219], "competencias": [1, 2, 3, 4, 13], "tecnologias": [5]}}, {"model": "portfolioPWEB.unidadecurricular", "pk": 8, "fields": {"codigo_uc": "ULHT12-7337", "nome": "Fundamentos de Programação", "ano_curricular": 1, "semestre": 1, "creditos": 6, "descricao": "Esta é uma disciplina fundamental na formação de qualquer profissional da área de Informática pois introduz os conceitos básicos da programação, sobre os quais assentarão muitas disciplinas subsequentes como Linguagens de Programação I e II, Algoritmia e Estruturas de Dados, Programação Web, Computação Móvel, etc. Mais do que aprender uma linguagem de programação, o aluno aprende a pensar como um programador, analisando problemas e desenhando algoritmos que os resolvam recorrendo a fluxogramas e a programas escritos em Kotlin, uma linguagem promissora que combina as melhores características das linguagens modernas mais populares (Java, Python, etc.)\r\n\r\nDado ser o primeiro contacto de muitos alunos com o tópico da Programação, reveste-se de uma importância especial na aquisição de conhecimentos primordiais mas também na sua motivação. Mais do que aprender a programar, os alunos aprendem a gostar de programar.", "imagem": "ucs/Fundamentos_de_programacao_e_tecnologia.png", "link_uc": "https://www.ulusofona.pt/lisboa/licenciaturas/informatica-de-gestao/ULHT12-7337", "metodologia": "As aulas teóricas são parcialmente leccionadas no modelo \"flipped learning\": são disponibilizados vídeos antes da aula teórica que os alunos devem visualizar; a aula teórica é maioritariamente ocupada com exercícios sobre essa matéria e respetiva correção, intercalada com alguma matéria adicional.\r\n\tAlguns trabalhos de casa são avaliados no modelo \"peer assessment\": os alunos avaliam anonimamente os trabalhos uns dos outros.\r\n\tA validação do código produzido nas fichas práticas e no projeto é feita através de uma ferramenta de validação automática do código, que permite aos alunos grande autonomia.\r\n\tAlguns exercícios de programação são realizados obrigatoriamente com o apoio de um LLM (ChatGPT, Gemini, etc..). Estes exercícios terão enunciados adaptados, para evitar que seja simplesmente feito o copy/paste para o LLM - serão apresentados de forma visual, seja por diagramas seja por vídeos demonstrando o que se pretende. O objetivo é que os alunos treinem a construção de \"prompts\" eficazes.", "objetivos": "O objectivo desta unidade curricular é fornecer aos futuros profissionais na área da informática as bases para que possam iniciar (de um modo disciplinado) a actividade de programação.\r\n\r\nO aluno começa por desenvolver a capacidade de raciocínio algorítmico recorrendo a fluxogramas.\r\n\r\nO aluno deverá ser capaz de traduzir esses fluxogramas numa linguagem de programação imperativa. Concretamente, o aluno deverá conhecer a sintaxe básica de Kotlin que lhe permitam criar programas simples de linha de comando.\r\n\r\nFinalmente, o aluno deve conseguir analisar e avaliar programas feitos por outras pessoas (colegas, professores, etc.).", "programa": "Introdução à programação\r\n\tAlgoritmos, fluxogramas, pseudo-código\r\n\tSintaxe e semântica das linguagens\r\n\tElementos da sintaxe, estrutura de um programa\r\n\tDeclarações e atribuições\r\n\tTipos primitivos\r\n\tExpressões aritméticas, expressões lógicas\r\n\tEntradas e saídas de dados\r\n\tSelecção\r\n\tRepetição\r\n\tFunções\r\n\tArrays uni-dimensionais e bi-dimensionais\r\n\tTratamento de erros\r\n\tLeitura e escrita de ficheiros\r\n\tBoas práticas de programação imperativa", "avaliacao": "Componente teórica (50% da nota final, nota mínima 9,5) - tem duas opções: avaliação contínua ou apenas uma frequência completa\r\nAvaliação contínua:\r\n4 TPCs teóricos individuais - 20%\r\nFrequência intermédia (primeira metade da matéria) - 30% - nota mínima: 8\r\nFrequência completa (toda a matéria) - 50% - nota mínima: 8 (apenas para quem passou na frequência intermédia)\r\nFrequência completa (toda a matéria) - 100% - nota mínima: 9,5\r\nComponente prática (50% da nota final, nota mínima 9,5)\r\n2 testes práticos individuais - 24% (testes feitos durante a aula prática)\r\nParticipação prática - 16%\r\nProjeto em grupos de 2, com defesa individual - 60%\r\nA defesa inclui alterações no código da aplicação que cada aluno terá que fazer individualmente.\r\nA nota da discussão presencial pode ir de 0 a 100% e é aplicada à nota do projecto\r\nO aluno terá que conseguir fazer pelo menos metade das alterações pedidas para passar na componente prática.", "licenciaturas": [2], "docentes": [50], "competencias": [2, 3, 8, 13], "tecnologias": [4]}}, {"model": "portfolioPWEB.unidadecurricular", "pk": 9, "fields": {"codigo_uc": "ULHT12-498", "nome": "Linguagens de Programação I", "ano_curricular": 1, "semestre": 2, "creditos": 5, "descricao": "Esta unidade curricular oferece uma extensa exploração da programação procedural usando a linguagem de programação C, abrangendo tópicos fundamentais e avançados. Os alunos obterão uma compreensão abrangente da história da programação C e dos seus benefícios, bem como aprenderão a criar e executar programas simples em C. O currículo concentra-se em conceitos essenciais, incluindo tipos de dados, variáveis, estruturas de controlo, funções e ponteiros, com oportunidades de experiência prática para reforçar o conhecimento. A unidade curricular também aborda tópicos avançados, como manipulação de ficheiros, alocação dinâmica de memória e estruturas de dados como listas e filas. Através de projetos de programação, os alunos desenvolverão experiência prática, com ênfase particular em obter uma compreensão completa da organização e operação da memória do computador como um recurso. No final do curso, os alunos serão capazes de criar programas eficientes que fazem uso eficaz da memória.", "imagem": "ucs/LPI.png", "link_uc": "https://www.ulusofona.pt/lisboa/licenciaturas/informatica-de-gestao/ULHT12-498", "metodologia": "Pandora", "objetivos": "No final desta Unidade Curricular, os alunos deverão ser capazes de criar programas C eficientes e rápidos, tendo em consideração o uso correto da memória. Deverão adquirir uma compreensão sólida da abstração procedural e ser capazes de analisar e criar algoritmos simples usando essa abordagem. Além disso, os alunos devem entender os princípios por trás dos sistemas \"coletores de lixo\" em linguagens de alto nível, e da operação de bibliotecas de estruturas de dados. O curso visa fornecer aos alunos conhecimentos necessários para criar programas em C bem projetados, eficientes e robustos e para entender os princípios fundamentais que sustentam a operação das linguagens de programação modernas.", "programa": "M0: Introdução: Visão geral, programação C, história, benefícios, configuração do ambiente, programa simples\r\n\r\nM1: Sintaxe Básica: Definições, tipos de dados, operadores, entrada/saída, estruturas de controlo\r\n\r\nM2: Estruturas de controle avançadas: Switch, break/continue, goto\r\n\r\nM3: Funções: definição/invocação, argumentos/valores de retorno, recursão\r\n\r\nM4: Matrizes e Strings: Definições, vectores de caracteres, strings, funções, matrizes 2D\r\n\r\nM5: Ponteiros: Definições, aritmética, pilha/heap, alocação dinâmica de memória\r\n\r\nM6: Ponteiros Avançados: Ponteiros para ponteiros/funções\r\n\r\nM7: Estruturas e Uniões: Definições, estruturas aninhadas, uniões\r\n\r\nM8: Entrada/saída de arquivo: visão geral, abertura/leitura/gravação de ficheiros, entrada/saída binária\r\n\r\nM9: Diretivas e Macros do Pré-processador: Definições, #define, #ifdef, #undef, macros com parâmetros\r\n\r\nM10: Operadores bit a bit: Definições, operadores bit a bit AND/OR/XOR/NOT/shift\r\n\r\nM11: Listas Ligadas: Definições, criação/manipulação, exemplos, pilhas/filas", "avaliacao": "Frequência Intermédia 22.5%\r\nFrequência Final 27.5%\r\nExercício Individual 13.5%\r\nExercício Individual 2\t4%\r\nExercício Individual 3\t7.5%\r\nExercício Grupo 1\t3.5%\r\nExercício Grupo 2\t4%\r\nExercício Grupo 3\t7.5%\r\nProjecto Final\t20%", "licenciaturas": [2], "docentes": [203, 206], "competencias": [1, 2, 7, 13], "tecnologias": [3, 15]}}, {"model": "portfolioPWEB.unidadecurricular", "pk": 10, "fields": {"codigo_uc": "ULHT12-505", "nome": "Matemática II", "ano_curricular": 1, "semestre": 1, "creditos": 5, "descricao": "Geométria analítica e calculo diferencial e integral para funções reais de várias variáveis reais.", "imagem": "ucs/Matematica_II_e_ferramentas_de_estudo.png", "link_uc": "https://www.ulusofona.pt/lisboa/licenciaturas/informatica-de-gestao/ULHT12-505", "metodologia": "Nas aulas discutem-se as ideias que fundamentam o programa desta Unidade Curricular (UC), e são analisados múltiplos exemplos e exercícios de aplicação.\r\n\tPara cada tópico desta UC é apresentado um conjunto de exercícios de aplicação. A(O)s alunas(os) são incentivados a resolver estes exercícios assim como a apresentar quaisquer dúvidas.\r\n\tTodo o material de apoio e informação relevante será partilhada com as(os) alunas(os) através do Moodle.\r\n\tA avaliação conta com uma componente contínua, que consiste na realização de 3 testes de 40 minutos ou um exame (Frequência Final ou Recurso).\r\n\t\r\n\t\tMédia dos 3 testes = A         Nota de Exame = B\r\n\t\tSe A > 9,5 o(a) aluno(a) está aprovado à UC e poderá fazer exame se quiser melhorar a nota. Neste caso, a Nota Final = max(A,B)\r\n\t\tSe A < 9,5 o(a) aluno(a) está reprovado à UC e terá de fazer exame se quiser obter aprovação à UC.\r\n\t\r\n\t\r\n\tSão considerados aprovados os alunos que obtenham nota final não inferior a 10 valores.", "objetivos": "Conferir competências nas técnicas e aplicações do cálculo diferencial e integral com funções de várias variáveis. Dominar os conceitos de limite, continuidade e diferenciabilidade de funções. Dominar o cálculo de integrais múltiplos.\r\n\r\nTer capacidade de resolver problemas em contextos diversificados usando os métodos do cálculo diferencial e integral. Conhecer as aplicações a problemas de otimização, de caracterização geométrica de curvas e superfícies e de cálculo de volumes e áreas.", "programa": "1. Vectores e geometria do espaço\r\n\r\n1.1 Coordenadas cartesianas tridimensionais.\r\n\r\n1.2 Vectores, produto escalar.\r\n\r\n1.3 Rectas e planos.\r\n\r\n1.4 Superfícies cilíndricas e quádricas.\r\n\r\n1.5 Noções topologicas\r\n\r\n2. Funções vectoriais de variável real\r\n\r\n2.1 Funções vectoriais e curvas no espaço.\r\n\r\n2.2 Limites e continuidade. Diferenciabilidade, vector tangente a uma curva.\r\n\r\n2.3 Integração, comprimento de uma curva.\r\n\r\n3. Funções de várias variáveis\r\n\r\n3.1 Dominios e  curvas de nível.\r\n\r\n3.2 Limites e continuidade.\r\n\r\n3.3 Derivadas parciais, derivadas de ordem superior.\r\n\r\n3.4 Diferenciabilidade, planos tangentes e aproximações polinómiais.\r\n\r\n3.5 Derivada direccional, vector gradiente e sua interpretação geométrica.\r\n\r\n3.6 Matriz Hessiana, extremos locais e pontos de sela.\r\n\r\n4. Integrais múltiplos\r\n\r\n4.1 Integrais duplos.\r\n\r\n4.2 Coordenadas polares e mudança de variáveis em integrais duplos.\r\n\r\n4.3 Integrais triplos.\r\n\r\n4.4 Coordenadas cilíndricas e esféricas. Mudança de variáveis em integrais triplos.", "avaliacao": "A avaliação conta com uma componente contínua, que consiste na realização de 3 testes de 40 minutos e um exame (Frequência Final ou Recurso)\r\nMédia dos 3 testes = A             Nota de Exame = B\r\nSe A > 9,5 o(a) aluno(a) está aprovado à UC e poderá fazer exame se quiser melhorar a nota. Neste caso, a Nota Final = max(A,B)\r\nSe A < 9,5 o(a) aluno(a) está reprovado à UC e terá de fazer exame se quiser obter aprovação à UC.\r\n \r\n\r\nSão considerados aprovados os alunos que obtenham nota final não inferior a 10 valores.\r\nOs (as) alunos(as) não podem realizar teste intercalar fora da semana definida\r\nÉpoca de recurso e a época especial: a aprovação é obtida com a nota mínima de 9,5 valores na prova escrita. \r\nQualquer situação de fraude observada num qualquer momento do processo de avaliação significará que a(o)s aluna(o)s envolvidos passarão a dispor unicamente da Época de Recurso para serem avaliados à UC.", "licenciaturas": [2], "docentes": [218], "competencias": [3, 13], "tecnologias": []}}, {"model": "portfolioPWEB.unidadecurricular", "pk": 11, "fields": {"codigo_uc": "ULHT12-15429", "nome": "Métricas Empresariais", "ano_curricular": 1, "semestre": 2, "creditos": 5, "descricao": "Esta unidade curricular dedica-se aos conceitos fundamentais da teoria da probabilidade, estatística e métricas empresariais", "imagem": "ucs/Metricas_empresariais_e_crescimento_financeiro.png", "link_uc": "https://www.ulusofona.pt/lisboa/licenciaturas/informatica-de-gestao/ULHT12-15429", "metodologia": "Nas aulas discutem-se as ideias que fundamentam o programa desta Unidade Curricular (UC), e são analisados exemplos e exercícios de aplicação.\r\n\tPara cada tópico desta UC é apresentado um conjunto de exercícios de aplicação. A(O)s alunas(os) são incentivados a resolver estes exercícios assim como a apresentar quaisquer dúvidas.\r\n\tTodo o material de apoio e informação relevante será partilhada com as(os) alunas(os) através do Moodle.\r\n\tAvaliação\r\n\t\r\n\t\tNota na componente de Probabilidades e Estatísta  = 30% Teste ou Exame de Recurso (T1) + 40% Projeto Computacional (P)\r\n\t\tNota na componente de Métricas Empresariais  = B\r\n\t\tNota Final = 30% T1 + 40% P + 30% * B", "objetivos": "Esta disciplina permite que o(a) aluno(a)\r\n\r\nOA1: seja exposto à probabilidade como uma função de medida essencial à ciência.\r\n\r\nOA2: entenda a estatística como uma área da ciência que permite à engenharia recolher dados, analisar dados, formular hipóteses relativas a esses dados e testar essas hipóteses. Nessa medida, a estatística e a probabilidade são essenciais ao conhecimento e à engenharia\r\n\r\nOA3: seja exposto a diferentes métricas empresariais", "programa": "1. Estatística Descritiva\r\n\r\n\r\n\tClassificação de variáveis\r\n\tMedidas de localização, dispersão e assimetria\r\n\tRepresentações gráficas\r\n\r\n\r\n2. Correlação e Regressão\r\n\r\n\r\n\tCoeficientes de correlação\r\n\tEstimativa da reta de regressão linear simples\r\n\tQualidade do ajustamento\r\n\r\n\r\n3. Introdução à probabilidade\r\n\r\n\r\n\tEspaço de resultados, acontecimentos, definição de probabilidade\r\n\tProbabilidade condicionada\r\n\tLei da probabilidade composta\r\n\tTeorema da probabilidade total\r\n\tTeorema de Bayes\r\n\tAcontecimentos independentes\r\n\r\n\r\n4. Indicadores Empresariais\r\n\r\n\r\n\tConceito de Avaliações de Desempenho Empresariais: equipas executivas, de departamentos e individuais\r\n\tEstrutura de KPI: operacionais e estratégicos,\r\n\t\r\n\t\tmétricas financeiras\r\n\t\tcustomer experience\r\n\t\tprocessos\r\n\t\tmarketing\r\n\t\tIT\r\n\t\tVendas\r\n\t\trecursos humanos\r\n\t\tentre outros\r\n\t\r\n\t\r\n\tMetodologia OKR e Balanced Scorecard\r\n\tConstrução de dashboard em PowerBI", "avaliacao": "A nota na componente de Probabilidade e Estatística consiste na realização de 1 teste ou exame de recurso (30%) e 1 projeto computacional (40%).\r\nA nota no projeto computacional divide-se em: 5% submissões semanais, 10% código, 10% documento de interpretação e 15% apresentação e discussão.\r\nO teste e o projeto têm nota mínima de 9.5 valores, sendo a nota mínima da apresentação e discussão de 10 valores.\r\nÉ exigida a presença em 75% das aulas práticas para a realização da avaliação contínua.\r\nNota na componente de Probabilidades e Estatísta  = 0,3 * T1 + 0,4 * P\r\n \r\n\r\nNota na componente de Métricas Empresariais  = B\r\n \r\n\r\nNota Final = 0,3 * T1 + 0,4 * P + 0,3 * B", "licenciaturas": [2], "docentes": [209, 221, 222], "competencias": [1, 2, 12, 13], "tecnologias": [2]}}, {"model": "portfolioPWEB.unidadecurricular", "pk": 12, "fields": {"codigo_uc": "ULHT12-1792", "nome": "Bases de Dados", "ano_curricular": 2, "semestre": 1, "creditos": 6, "descricao": "Esta unidade curricular tem por objetivo apresentar a importância da Gestão de Dados no seio de uma empresa, de forma a garantir quer a operação diária de negócio, bem como o apoio à decisão estratégica.\r\n\r\nNesta unidade reforçar-se-á o enquadramento de estruturação e metodologias de criação das bases de dados.", "imagem": "ucs/Gestao_de_dados_e_seguranca_digital.png", "link_uc": "https://www.ulusofona.pt/lisboa/licenciaturas/informatica-de-gestao/ULHT12-1792", "metodologia": "Uso de dinâmicas interativas de jogos em aulas, através de plataformas como o Kahoot.", "objetivos": "São objetivos dotar os estudantes dos conhecimentos teóricos e práticos necessários à concepção, construção e análise de bases de dados relacionais: nomeadamente obter as seguintes aptidões e\r\n\r\ncompetências:\r\n\r\n1. Compreender as razões de implementação de bases de dados relacionais no mundo empresarial\r\n\r\n2. Transpor de uma análise de requisitos para um modelo entidade-associação para desenhar bases de dados;\r\n\r\n3. Aplicar os conceitos do modelo relacional de bases de dados, transformando o modelo entidade-associação, em modelo físico de dados;\r\n\r\n4. Aplicar as técnicas de normalização de tabelas;\r\n\r\n5. Compreender arquitetura e principais componentes de Sistemas de Gestão de Bases de Dados;\r\n\r\n6. Utilizar a linguagem SQL base e avançado para a criação, consulta e modificação de bases de dados;", "programa": "O programa da unidade curricular é:\r\n\r\nA) Componente Teórico\r\n\r\n\r\n\tIntrodução\r\n\tModelo de relacionamento entre entidades\r\n\tO modelo relacional\r\n\tRefinamento de esquema: Conceito de normalização e transações\r\n\tArquitetura de SGBD e algum SQL Avançado\r\n\r\n\r\nB) Componente Prática\r\n\r\n\r\n\tIntrodução à linguagem SQL;\r\n\tInstruções: DDL, DML (DQL) e DCL\r\n\tOperações: WHERE, ORDER BY, GROUP BY;\r\n\tConceito avançados em SQL: Controlo de erros\r\n\tOperadores Relacionais: União, intersecção e Subtracção\r\n\tProduto Cartesiano (externo)\r\n\tQueries complexos (filtro com valores agregados) e sub-queries\r\n\tSet DDL; Instrução CREATE; Tipos de dados; Nulidade; Instruções ALTER e DROP\r\n\tINDICES e VIEWS\r\n\tControlo de erros: estrutura TRY¿CATCH\r\n\tProcedimentos (SP) e Triggers\r\n\tOperações com tabelas: Cursores", "avaliacao": "Na parte teórica, os 50% da avaliação terá as 3 seguintes distribuições:\r\n-Teste final - 25%\r\n-2 mini testes - 20%\r\n-Participação em aula - 5%\r\nNa parte teórica, os 50% da avaliação terá as 3 seguintes distribuições:\r\n- Participação, assiduidade e pontualidade: 5%\r\n- Queries a realizar em aula ou TPC : 5%\r\n- Trabalhos intercalares, 2 entregas: 15%\r\n- Trabalho final: 25%\r\nA época de recurso terá 1 exame teórico e 1 trabalho único com modelação, DDL, DML e programação, com mais questões que a entrega final de frequência.\r\n\r\nA utilização de ferramentas de inteligência artificial (IA) para a realização de elementos de avaliação não é permitida nesta UC. Este impedimento deve-se ao objetivo de ser pretender avaliar a capacidade conceptual e de sistematização de conceitos estruturantes da unidade. Sempre que necessário, com fundamento em indício, é legítimo ao docente calendarizar uma prova oral de avaliação, convocando o/a estudante a comparecer, sob pena da anulação da avaliação à UC.", "licenciaturas": [2], "docentes": [34, 55], "competencias": [1, 2, 3, 4, 9, 11, 12, 13], "tecnologias": [4, 12, 13]}}, {"model": "portfolioPWEB.unidadecurricular", "pk": 13, "fields": {"codigo_uc": "ULHT12-23041", "nome": "Direito Informático", "ano_curricular": 2, "semestre": 1, "creditos": 3, "descricao": "Esta unidade curricular visa dotar os estudantes de conhecimentos fundamentais sobre os principais enquadramentos jurídicos aplicáveis ao uso das tecnologias da informação e comunicação, com especial enfoque na proteção de dados pessoais, cibercrime, propriedade intelectual digital, comércio eletrónico e os desafios jurídicos colocados pela inteligência artificial.", "imagem": "ucs/Lei_digital_e_seguranca_cibernetica.png", "link_uc": "https://www.ulusofona.pt/lisboa/licenciaturas/informatica-de-gestao/ULHT12-23041", "metodologia": "A unidade curricular adota metodologias ativas e centradas no estudante, promovendo a aprendizagem significativa através da resolução de situações-problema, simulação de casos práticos e análise de jurisprudência e legislação atualizada. Recorre-se a recursos digitais (plataformas interativas, vídeos, quizzes) e ao trabalho colaborativo em sala de aula para desenvolver competências de análise crítica e aplicação prática do Direito. A aprendizagem é ainda apoiada por ferramentas de autoavaliação e feedback contínuo, fomentando a autonomia e a responsabilidade dos estudantes no processo de aprendizagem.", "objetivos": "Ao concluir esta unidade curricular, os estudantes deverão ser capazes de:\r\n\r\nConhecimentos\r\n\r\n\r\n\t\r\n\tIdentificar os principais diplomas legais nacionais e europeus relevantes para o uso das tecnologias da informação e comunicação.\r\n\t\r\n\t\r\n\tDescrever os direitos fundamentais em matéria de proteção de dados e privacidade no ambiente digital.\r\n\t\r\n\t\r\n\tExplicar os conceitos jurídicos básicos associados ao cibercrime, propriedade intelectual digital, contratos eletrónicos e inteligência artificial.\r\n\t\r\n\r\n\r\nCapacidades e competências\r\n\r\n\r\n\t\r\n\tInterpretar normas legais aplicáveis a situações concretas no contexto das tecnologias da informação.\r\n\t\r\n\t\r\n\tAplicar corretamente os princípios do RGPD e da legislação portuguesa em cenários práticos.\r\n\t\r\n\t\r\n\tAnalisar criticamente práticas comuns no meio digital, reconhecendo riscos jurídicos e éticos.", "programa": "Noções introdutórias ao Direito/direitos\r\n\r\nObjeto, fontes e natureza do Direito Informático\r\n\r\nComércio eletrónico\r\n\r\nContratação eletrónica e proteção do consumidor\r\n\r\nProgramas de computador, bases de dados e direitos de autor na internet\r\n\r\nNomes de domínio e sinais distintivos\r\n\r\nCiberespaço, cibersegurança e cibercrime\r\n\r\nInteligência Artificial e o Regulamento Europeu de IA\r\n\r\nO Regulamento Geral de Proteção dos Dados\r\n\r\nÂmbito de aplicação do RGPD\r\n\r\nOs Princípios da Proteção de Dados\r\n\r\nPrincipais Conceitos da Proteção de Dados\r\n\r\nRGPD na Prática\r\n\r\nLegislação Nacional Complementar\r\n\r\nCoordenação com a restante legislação comunitária na área das tecnologias\r\n\r\nImpacto em Empresas e Cidadãos", "avaliacao": "Mini teste + trabalho de grupo 40%\r\nFrequência 45%\r\nParticipação nas discussões em aula 15%", "licenciaturas": [2], "docentes": [220], "competencias": [1, 2, 3, 4, 13], "tecnologias": []}}, {"model": "portfolioPWEB.unidadecurricular", "pk": 14, "fields": {"codigo_uc": "ULHT12-7340", "nome": "Instrumentos de Gestão", "ano_curricular": 2, "semestre": 1, "creditos": 6, "descricao": "A UC Instrumentos de Gestão insere-se no plano geral de formação na Licenciatura em Informática de Gestão, procurando estabelecer a ligação entre o ambiente informático e o ecossistema de negócios e dotar os alunos da necessária compreensão dos conceitos e princípios universais da Ciência Gestão de Empresas.", "imagem": "ucs/Ferramentas_de_gestao_e_inovacao.png", "link_uc": "https://www.ulusofona.pt/lisboa/licenciaturas/informatica-de-gestao/ULHT12-7340", "metodologia": "", "objetivos": "Apreender o Conceito de Empresa;\r\n\tSaber Elencar as Competências e as Tarefas do Gestor;\r\n\tConhecer a Evolução das Teorias da Gestão;\r\n\tIdentificar as Dimensões da Gestão;\r\n\tDescrever os Princípios da Gestão das Organizações;\r\n\tEntender as Funções Fundamentais da Gestão;\r\n\tDescobrir as Tendências da Gestão.", "programa": "Tabela de Matérias:\r\n\r\n\r\n\tA Empresa\r\n\t\r\n\t\tConceitos;\r\n\t\tO Gestor\r\n\t\t\r\n\t\t\tCompetências;\r\n\t\t\tFunções;\r\n\t\t\tEvolução do Foco das Teorias da Gestão\r\n\t\t\t\r\n\t\t\t\tTarefas;\r\n\t\t\t\tOrganização;\r\n\t\t\t\tPessoas;\r\n\t\t\t\tAmbiente;\r\n\t\t\t\tTecnologia;\r\n\t\t\t\r\n\t\t\t\r\n\t\t\tDimensões da Gestão\r\n\t\t\t\r\n\t\t\t\tConceção;\r\n\t\t\t\tPlaneamento;\r\n\t\t\t\tOrganização;\r\n\t\t\t\tDireção;\r\n\t\t\t\tCoordenação;\r\n\t\t\t\tControlo e Desenvolvimento;\r\n\t\t\t\r\n\t\t\t\r\n\t\t\tEstruturas Organizacionais\r\n\t\t\t\r\n\t\t\t\tPrincípios;\r\n\t\t\t\tArquitetura;\r\n\t\t\t\tTipos de Estrutura;\r\n\t\t\t\tDepartamentalização;\r\n\t\t\t\tOrganogramas;\r\n\t\t\t\tFunções Fundamentais da Gestão\r\n\t\t\t\t\r\n\t\t\t\t\tEstratégia;\r\n\t\t\t\t\tFinanças;\r\n\t\t\t\t\tMarketing;\r\n\t\t\t\t\tRecursos Humanos;\r\n\t\t\t\t\tOperações;\r\n\t\t\t\t\r\n\t\t\t\t\r\n\t\t\t\tTendências da Gestão:\r\n\t\t\t\t\r\n\t\t\t\t\tÉtica;\r\n\t\t\t\t\tResponsabilidade Social;\r\n\t\t\t\t\tSustentabilidade;\r\n\t\t\t\t\tGovernance.", "avaliacao": "Frequência 50%\r\n\r\nTraballhos de grupo (média) 50%", "licenciaturas": [2], "docentes": [223], "competencias": [1, 2, 13], "tecnologias": []}}, {"model": "portfolioPWEB.unidadecurricular", "pk": 15, "fields": {"codigo_uc": "ULHT12-7434", "nome": "Motivação e Liderança", "ano_curricular": 2, "semestre": 1, "creditos": 3, "descricao": "Na unidade curricular Motivação e Liderança os alunos tomam conhecimento da importância dos processos de Liderança e Motivação nas Organizações. E como se devem criar condições para motivar pessoas e liderar grupos e pessoas nas organizações", "imagem": "ucs/Lideranca_e_sucesso_em_destaque.png", "link_uc": "https://www.ulusofona.pt/lisboa/licenciaturas/informatica-de-gestao/ULHT12-7434", "metodologia": "A metodologia de ensino assenta numa lógica expositiva no que concerne às matéria conceptuais sendo contudo, a componente prática mais desenvolvida bem como, incentivadas as atitudes de investigação e incorporação da experiência pessoal e grupal. A assiduidade e participação são fundamentais para atingir os objetivos da disciplina. O processo de avaliação consiste num Teste realizado em duas horas (60% da classificação de Final Frequência); Trabalho Prático, individual ou em grupo, (30% de FF) e assiduidade interligada com participação e intervenção oral (10% de FF).", "objetivos": "No âmbito da motivação relevar as interacções do indivíduo em ambientes cada vez mais diversificados e exigentes, potenciar as capacidades individuais para o desempenho eficaz e adaptar as recompensas de acordo com as necessidades. Na componente da Liderança, realçar a importância do processo de Liderança no sucesso da gestão das pessoas e das organizações, identificar os diversos tipos de liderança e a sua eficácia consoante as situações, aproveitar as competências transversais para relevar a comunicabilidade no sentido de obter níveis superiores de liderança.", "programa": "A importância da Motivação individual e grupal; Organizações, indivíduos e grupos. Motivação e comportamento motivado; Teorias de Motivação; Motivação e Produtividade; A essência da Liderança; O processo de Liderança; A evolução das teorias de Liderança; Liderança de equipas e de projectos; A emergência de novos conceitos de Liderança", "avaliacao": "Trabalhos individuais semanais 60%\r\n\r\nTrabalhos de grupo 30%\r\n\r\nAtitudes 10%", "licenciaturas": [2], "docentes": [215], "competencias": [1, 2, 3, 4, 13], "tecnologias": []}}, {"model": "portfolioPWEB.unidadecurricular", "pk": 16, "fields": {"codigo_uc": "ULHT12-26190", "nome": "Programação Low-Code e No-Code", "ano_curricular": 2, "semestre": 1, "creditos": 6, "descricao": "Introdução aos principais conceitos e competências em desenvolvimento Low Code e No Code, capacitando os alunos a utilizar a plataforma PowerApps para modelar, desenvolver e automatizar processos de negócio. Enfoque nas vantagens, desafios e práticas recomendadas para o desenvolvimento Low Code, com integração a sistemas externos e aplicação prática em projetos reais, preparando os alunos para atender às necessidades tecnológicas das organizações modernas.", "imagem": "ucs/Programacao_sem_codigo_e_com_baixo_codigo.png", "link_uc": "https://www.ulusofona.pt/lisboa/licenciaturas/informatica-de-gestao/ULHT12-26190", "metodologia": "A metodologia de Ensino-aprendizagem desta UC é ativa, centrando-se no aluno, que é o principal responsável pelo seu processo de aprendizagem. Há um claro incentivo ao desenvolvimento da capacidade de absorção de conteúdos de forma autónoma e participativa, através de análises de casos, promoção de conteúdos digitais e discussão crítica dos mesmos, sustentando os conteúdos teóricos ministrados.\r\n\r\nAdicionalmente, os alunos são desafiados a realizar projetos individuais e de grupo, com o objetivo de serem apresentados e assim solidificar os conhecimentos adquiridos.", "objetivos": "Objetivos da Unidade Curricular:\r\n\r\nOA1. Compreender os conceitos fundamentais de Low Code e No Code.\r\n\r\nOA2. Principais Conceitos de Transformação Digital.\r\n\r\nOA3. Desenvolver a habilidade de modelar, desenvolver e automatizar processos de negócio usando OutSystems.\r\n\r\nOA4. Explorar as vantagens e desafios do desenvolvimento Low Code.\r\n\r\nOA5. Integrar aplicações desenvolvidas com PowerApps a outros sistemas e serviços.", "programa": "Esta UC detém os seguintes conteúdos programáticos (CPs):\r\n\r\n\r\n\tCP1: Enquadramento e Motivação\r\n\tCP2: Fundamentos de Low Code\r\n\tCP3: Introdução ao PowerApps\r\n\tCP4: Modelagem de Processos de Negócio com BPMN\r\n\tCP5: Desenvolvimento com PowerApps\r\n\tCP6: Integração e Extensibilidade\r\n\tCP7: Automação de Processos\r\n\tCP8: Boas Práticas e Governança\r\n\tCP9: Casos de Estudo e Aplicações Práticas", "avaliacao": "Teste de avaliação 1 20%\r\n\r\nTeste de avaliação 2 20%\r\n\r\nApresentação de trabalhos praticos 40%\r\n\r\nParticipação\t \t15%\r\nAssiduidade\t \t5%", "licenciaturas": [2], "docentes": [2], "competencias": [1, 2, 3, 4, 10, 13], "tecnologias": [2, 17, 18, 19]}}, {"model": "portfolioPWEB.unidadecurricular", "pk": 17, "fields": {"codigo_uc": "ULHT12-6305", "nome": "Sistemas Operativos", "ano_curricular": 2, "semestre": 1, "creditos": 6, "descricao": "O conhecimento do funcionamento de um sistema operativo, a forma como interage com o hardware e como pode ser utilizado eficientemente pelos utilizadores e programadores é uma componente fundamental da formação em informática.\r\n\r\nEsta disciplina fornece aos estudantes os conhecimentos teóricos de como funciona um sistema operativo e um computador, e os conhecimentos práticos para desenvolver programas sofisticados para utilizarem eficientemente os recursos do computador.\r\n\r\nO conhecimento de um sistema operativo permitirá os alunos terem um melhor entendimento do funcionamento de sistemas atuais.", "imagem": "ucs/Sistema_digital_e_seguranca_cibernetica.png", "link_uc": "https://www.ulusofona.pt/lisboa/licenciaturas/informatica-de-gestao/ULHT12-6305", "metodologia": "Em quase todas as aulas teóricas e práticas são utilizados quizzes para envolver os alunos no processo de aprendizagem.\r\n\r\nAs ferramentas utilizadas na componente prática para o desenvolvimento dos programas (CLion e GitHub) contêm aceleradores baseados em GenIA que aceleram o processo de desenvolvimento e ajudam os estudantes a aprender a trabalhar com este tipo de ferramentas.", "objetivos": "OA1. Conhecimento teórico de como funciona um sistema operativo\r\n\r\nOA2. Capacidade prática para desenvolver programas que usem de forma eficiente os recursos do sistema operativo, incluindo concorrência e sincronização", "programa": "CP1 - Introdução aos Sistemas Operativos\r\n\r\nCP2 - Processos: virtualização do CPU\r\n\r\nCP3 - Gestão de Memória: virtualização da memõria\r\n\r\nCP4 - Concorrência e Sincronização\r\n\r\nCP5 - Persistência, Sistema de ficheiros", "avaliacao": "50% teórica\r\n\r\nFrequência intercalar. Peso: 50% teórica. Data: 3 Novembro 2025\r\nFrequência final: Peso: 50% teórica. Data: 16 Janeiro 2026\r\nExame recurso: Peso: 100% teórica. Data: 30 Janeiro 2026\r\nAs frequências e exame são feitos sem consulta (livros, apontamentos, IA, etc.)\r\n50% prática\r\n\r\n3 trabalhos individuais ou em grupos de 2 alunos entregues numa aula prática e avaliados na aula prática seguinte\r\nTrabalho 1 - peso: 20% prática\r\nTrabalho 2 - peso: 30% prática\r\n Trabalho 3 - peso: 50% prática\r\nNota mínima de 9,5 na componente teórica e 9,5 na componente prática", "licenciaturas": [2], "docentes": [203, 224], "competencias": [1, 2, 7, 13], "tecnologias": [3, 15, 16]}}, {"model": "portfolioPWEB.unidadecurricular", "pk": 18, "fields": {"codigo_uc": "ULHT12-22512", "nome": "Engenharia de Requisitos e Testes", "ano_curricular": 2, "semestre": 2, "creditos": 6, "descricao": "A UC de Análise e Conceção de Sistemas tem por objetivo garantir um enquadramento de gestão de Sistemas de Informação e o seu impacto na componente aplicacional, onde a componente de metodologia e engenharia de requisitos, tal como a metodologia e estruturação de testes de software, sejam unitários ou agregados, são essenciais para o sucesso de negócio das empresas.", "imagem": "ucs/Engenharia_de_software_e_testes.png", "link_uc": "https://www.ulusofona.pt/lisboa/licenciaturas/informatica-de-gestao/ULHT12-22512", "metodologia": "", "objetivos": "Entender o que é Gestão de Sistemas de Informação\r\n\tPor que é fundamental definir requisitos\r\n\tSaber desenvolver e gerenciar uma metodologia de definição e estrutura de requisitos\r\n\tComo alinhar os testes com os requisitos\r\n\tCompreender a importância de modelar os requisitos e testes\r\n\tFundamentos de Gestão de Projetos", "programa": "Estrutura de Capítulos principais de conteúdos\r\n\r\n\r\n\t\r\n\tVisão de Gerenciamento de Sistemas de Informação\r\n\t\r\n\t\r\n\tEngenharia de Requisitos (Gestão de backlog, BPMN e UML - Modelação)\r\n\t\r\n\t\r\n\tTestes de software\r\n\t\r\n\t\r\n\tGestão de Projetos", "avaliacao": "•Theory – 50%\r\n\r\n–Participation – 5%\r\n\r\n–Online Quizzes during classes - 10%\r\n\r\n–Group work + presentation - 15%\r\n\r\n–Final Exam - 20%\r\n\r\n•Projects – 50%\r\n\r\n–2 projects: IaaS, PaaS, SaaS, BaaS\r\n\r\n–Rules for the pratical component grade will be explained by professor Rui Santos & Luis Gomes\r\n\r\nMinimum grade in each component 9,5 values in 20.", "licenciaturas": [2], "docentes": [2, 34], "competencias": [1, 2, 12, 13], "tecnologias": [10, 14, 15]}}, {"model": "portfolioPWEB.unidadecurricular", "pk": 19, "fields": {"codigo_uc": "ULHT12-324", "nome": "Gestão Financeira", "ano_curricular": 2, "semestre": 2, "creditos": 6, "descricao": "O principal objectivo desta unidade curricular consiste em introduzir aos alunos os conceitos fundamentais relacionados com a gestão financeira das organizações.", "imagem": "ucs/Gestao_financeira_moderna_e_sofisticada.png", "link_uc": "https://www.ulusofona.pt/lisboa/licenciaturas/informatica-de-gestao/ULHT12-324", "metodologia": "As metodologias de ensino (ME) aplicadas são as seguintes:\r\n\r\nME1 - Expositivas: apresentação dos conceitos e técnicas relacioanados com os conteúdos programáticos\r\n\r\nME2 - Participativas: análise e resolução de casos\r\n\r\nME3 - Autoestudo: trabalho autónomo do aluno", "objetivos": "OA1 - Definir os conceitos principais e âmbito da gestão financeira.\r\n\r\nOA2 - Avaliar obrigações e ações.\r\n\r\nOA3 - Preparar os elementos e aplicar técnicas adequadas para a decisão de investimento.\r\n\r\nOA4 - Compreender os conceitos de risco, rendibilidade e custo de capital; Explicar a teoria de carteira e modelo Capital Asset Pricing Model; Selecionar e aplicar técnicas de análise risco.\r\n\r\nOA5 - Explicar as principais teorias da estrutura de capital; Avaliar fontes de financiamento da empresa; Calcular o WACC (Weighted-Average Cost of Capital).\r\n\r\nOA6 - Preparar os elementos e aplicar técnicas adequadas para avaliar negócios e empresas.", "programa": "P1 - Introdução à gestão financeira\r\n\r\nP2 - Avaliação de ativos financeiros\r\n\r\nP3 - A decisão de investimento\r\n\r\nP4 - Análise de risco\r\n\r\nP5 - Estrutura de capital e o financiamento da empresa\r\n\r\nP6 - Financiamento e avaliação de projetos, negócios e empresas", "avaliacao": "Teste 1 50%\r\n\r\nTeste 2 50%", "licenciaturas": [2], "docentes": [205], "competencias": [3, 4, 13], "tecnologias": []}}, {"model": "portfolioPWEB.unidadecurricular", "pk": 20, "fields": {"codigo_uc": "ULHT12-11195", "nome": "Programação Web", "ano_curricular": 2, "semestre": 2, "creditos": 6, "descricao": "Esta Unidade Curricular pretende dar formação na área da programação Web em geral, e em particular no desenvolvimento de aplicações Web back-end e front-end, providenciando uma visão global do desenvolvimento moderno para a Web. No front-end, são introduzidos conceitos de estruturação, estilização e interação de conteúdos através das linguagens HTML, CSS e JavaScript, in. No back-end, é ensinado o desenvolvimento de aplicações empresariais seguindo o padrão de desenho model-view-control, recorrendo à linguagem Python e a Web framework django. Pretende-se estimular a criatividade e imaginação no desenvolvimento de aplicações inovadoras que sejam eficientes, escaláveis e fáceis de modificar por um lado, e que ofereçam uma boa experiência para o utilizador. Esta é uma UC fundamental para qualquer profissional da área da informática, pois fornece um conjunto de conhecimentos e ferramentas que serão essenciais em projetos empresariais em que virão a estar inseridos.", "imagem": "ucs/Desenvolvimento_web_em_estilo_3D.png", "link_uc": "https://www.ulusofona.pt/lisboa/licenciaturas/informatica-de-gestao/ULHT12-11195", "metodologia": "", "objetivos": "Entender o funcionamento da Internet e da Web.\r\n\t\t\t\tCompreender os princípios da programação Web e seus principais padrões de desenho.\r\n\t\t\t\tAplicar estes conceitos, usando várias tecnologias (HTML, CSS, JavaScript, Python and Django¿).\r\n\t\t\t\tArquitetar aplicações eficientes, de fácil manutenção, que corram na Web.\r\n\t\t\t\tAvaliar as diferentes estratégias de desenho, sabendo escolher a abordagem que mais se adequa ao contexto.\r\n\t\t\t\tSer capaz de construir e implantar na cloud aplicações Web complexas e criativas, totalmente funcionais (full stack).", "programa": "A Web e seus paradigmas\r\n\r\n- Funcionamento da Internet e da Web: arquitetura e protocolos IP e HTTP\r\n\r\n- Tecnologias, paradigmas e padrões de desenho da Web\r\n\r\nPython para desenvolvimento Web\r\n\r\n- Sintaxe, operadores, controlo de fluxos e tipos de dados\r\n\r\n- Funções e módulos \r\n\r\n- Gestão de ficheiros e pastas   \r\n\r\n- Classes \r\n\r\nDjango web framework para Back-end\r\n\r\n- Web frameworks\r\n\r\n- Arquitetura MVT \r\n\r\n- Urls, views e templates\r\n\r\n- Linguagem template\r\n\r\n- Modelação de base de dados, ORM\r\n\r\n- Formulários\r\n\r\n- Autenticação\r\n\r\n- Implantação na cloud \r\n\r\nHTML e CSS para desenho de páginas Web\r\n\r\n- HTML e seus elementos \r\n\r\n- Formulários para envio de dados\r\n\r\n- HTML5 e elementos semânticos\r\n\r\n- CSS e seus seletores, para estilização de conteúdos\r\n\r\n- Propriedades CSS\r\n\r\n- Design responsivo e layouts dinâmicos\r\n\r\n- Efeitos e animações CSS\r\n\r\n- Bootstrap\r\n\r\nJavaScript para programação Front-end\r\n\r\n- Programação Orientada a Eventos \r\n\r\n- Manipulação do DOM \r\n\r\n- JSON e APIs\r\n\r\n- Single Page Applications", "avaliacao": "Avaliação continua:\r\nComponente Teórica (CT):\r\n3 TPCs teóricos, em grupos de 2 – 10%\r\nFrequência Intermédia – 15% (Nota mínima: 8)\r\nFrequência Final – 25% (Nota mínima: 8)\r\nComponente Prática (CP):\r\n3 minitestes individuais – 15%\r\nParticipação na aula – 5%\r\nProjeto individual – 30%\r\nAvaliação época de recurso/especial: \r\nCT: Exame (50%)  (Nota mínima: 9,5)\r\nCP: Projeto (50%) (Nota mínima: 9,5)\r\nNota final = CT (50%)  + CP (50%)\r\nNota mínima de 9,5 em cada componente.\r\nINSCRIÇÃO AVULSO\r\nMobilidade\r\nNão", "licenciaturas": [2], "docentes": [], "competencias": [1, 2, 3, 4, 10, 13], "tecnologias": [8, 9]}}, {"model": "portfolioPWEB.unidadecurricular", "pk": 21, "fields": {"codigo_uc": "ULHT12-1793", "nome": "Redes de Computadores", "ano_curricular": 2, "semestre": 2, "creditos": 6, "descricao": "Esta unidade curricular aborda os fundamentos das redes de computadores e da Internet, essenciais para profissionais que integram tecnologia e gestão empresarial. Os estudantes exploram a arquitetura de rede em camadas, compreendendo protocolos como HTTP, DNS, TCP e IP que sustentam os sistemas de informação empresariais. A UC proporciona as bases para Sistemas de Informação na Nuvem, sendo crucial para quem desenvolve e gere infraestruturas de TI organizacionais. Permite compreender como as aplicações empresariais comunicam em rede, avaliar requisitos de conectividade, e dialogar eficazmente com equipas técnicas sobre soluções de infraestrutura e segurança.", "imagem": "ucs/Logo_de_rede_e_seguranca_digital.png", "link_uc": "https://www.ulusofona.pt/lisboa/licenciaturas/informatica-de-gestao/ULHT12-1793", "metodologia": "A UC adota uma abordagem de aprendizagem ativa combinando aulas teórico-práticas com laboratórios hands-on. Utilizam-se ferramentas profissionais como Wireshark para captura e análise de tráfego real, e Cisco Packet Tracer para simulação de redes. Os estudantes analisam comunicações reais através das Chrome Dev Tools, observando protocolos em ação. Esta metodologia permite a experimentação direta com os conceitos teóricos, facilitando a compreensão através da observação e manipulação de redes simuladas e reais. A utilização de cenários práticos aproxima a aprendizagem do contexto profissional.", "objetivos": "Após a conclusão desta UC, os estudantes serão capazes de:\r\n\r\n1. Compreender a arquitetura da Internet e o modelo de camadas protocolar\r\n\r\n2. Analisar o funcionamento de protocolos aplicacionais (HTTP, SMTP, DNS)\r\n\r\n3. Distinguir os serviços de transporte UDP e TCP, incluindo mecanismos de controlo de fluxo e congestão\r\n\r\n4. Configurar endereços IP, sub-redes, e compreender encaminhamento e NAT\r\n\r\n5. Explicar protocolos de encaminhamento (RIP, OSPF, BGP)\r\n\r\n6. Analisar protocolos de nível de ligação, incluindo Ethernet e WiFi\r\n\r\n7. Utilizar ferramentas de análise de rede como Wireshark e Cisco Packet Tracer", "programa": "1. Introdução\r\n\t\r\n\t\tO que é a internet\r\n\t\tPeriferia vs infraestrutura\r\n\t\tAtraso, perda, débito\r\n\t\tModelo de camadas\r\n\t\r\n\t\r\n\t2. Nível aplicacional\r\n\t\r\n\t\tPrincípios de aplicações distribuídas\r\n\t\tWeb e HTTP (incl. cookies e GET condicional)\r\n\t\tCorreio eletrónico\r\n\t\tDNS\r\n\t\r\n\t\r\n\t3. Nível transporte\r\n\t\r\n\t\tServiços do nível de transporte\r\n\t\tUDP\r\n\t\tTCP\r\n\t\t\r\n\t\t\tpipelining, timeouts, retransmissões\r\n\t\t\tcontrolo fluxo, gestão ligações, controlo congestão\r\n\t\t\r\n\t\t\r\n\t\tTLS\r\n\t\r\n\t\r\n\t4. Nível rede\r\n\t\r\n\t\tServiços, o que está dentro de um router\r\n\t\tIP\r\n\t\t\r\n\t\t\tformato do datagrama, endereçamento IPv4\r\n\t\t\tDHCP, NAT, IPv6\r\n\t\t\r\n\t\t\r\n\t\tAlgoritmos de roteamento\r\n\t\tRoteamento na Internet (RIP, OSPF, BGP)\r\n\t\r\n\t\r\n\t5. Nível ligação\r\n\t\r\n\t\tProtocolos acesso ao meio\r\n\t\tEndereçamento, ARP\r\n\t\tEthernet, VLANs\r\n\t\tRedes móveis/sem fios, WiFi", "avaliacao": "50% teórica (nota mínima 9,5), dos quais:\r\n10% Desafios nas aulas ao longo do semestre (10%)\r\n45% Frequência intercalar (45%)\r\n45% Frequência final (45%)\r\nNa frequência final é possível optar por exame completo para a totalidade da nota teórica\r\n50% prática (nota mínima 9,5), dos quais:\r\n10% Ficha Prática 1 (individual)\r\n15% Ficha Prática 2 (individual)\r\n20% Projeto Fase 1 (grupos de 3 alunos da mesma turma prática)\r\n25% Projeto Fase 2 (grupos de 3 alunos da mesma turma prática)\r\n30% Defesa individual do projeto (nota mínima 9,5)", "licenciaturas": [2], "docentes": [203, 211], "competencias": [1, 13, 14], "tecnologias": [7, 11]}}, {"model": "portfolioPWEB.unidadecurricular", "pk": 22, "fields": {"codigo_uc": "ULHT12-7303", "nome": "Sistemas de Suporte à Decisão", "ano_curricular": 2, "semestre": 2, "creditos": 6, "descricao": "A UC de Sistemas de Suporte à Decisão / Business Intelligence tem por objetivo garantir que há a introdução à temática de processos de análise de dados para apoio às áreas de gestão das empresas. Neste sentido, a UC tem um papel fundamental no ciclo de estudo na compreensão dos processos de gestão e decisão de organizações, para além de como colocar infraestruturas de dados ao serviço do negócio empresarial.", "imagem": "ucs/Sistema_de_apoio_a_decisao_digital.png", "link_uc": "https://www.ulusofona.pt/lisboa/licenciaturas/informatica-de-gestao/ULHT12-7303", "metodologia": "", "objetivos": "Entender por que as empresas precisam de um ambiente de BI\r\n\tQuais componentes da arquitetura existem para BI\r\n\tEsquemas de modelação para DW\r\n\tConhecer os vários processos de manipulação de dados em ambientes DW\r\n\tO que um colaborador/utilizador pode obter em interfaces de relatórios\r\n\tEntender como incorporar LLMs e AI Agents num contexto de sistemas de suporte à decisão", "programa": "Desafios de Negócio de DW\r\n\tArquitecturas DW\r\n\tMelhores Práticas de Modelação de DW\r\n\tImplementação de ETL\r\n\tBases de Dados específicas para BI\r\n\tFerramentas de Relatórios\r\n\tProjetos de BI com Large Language Models (LLMs) e AI Agents", "avaliacao": "Componente Teórica (Frequência)\r\n\r\nParticipação, Mini Testes, Teste final - 50%\r\nTeste Final Frequência (60%)\r\n2 Mini-testes (30%)\r\nParticipação (10%)\r\nComponente Prática (Frequência)\r\n\r\nProjetos - 50%\r\n1st Work - Modeling\r\n2nd Work - ETL\r\n3rd Work - Reporting & AI Agents\r\nParticipation\r\nTeams of 3-4 students\r\nNota mínima em cada componente 9,5 valores em 20.\r\n\r\n-------------------------------\r\n\r\nRecurso\r\n\r\nTeste de Recurso (50%)\r\nProjeto Final - 50%\r\nNota mínima em cada componente 9,5 valores em 20.", "licenciaturas": [2], "docentes": [55], "competencias": [1, 2, 4, 11, 12, 13], "tecnologias": [6]}}, {"model": "portfolioPWEB.projeto", "pk": 1, "fields": {"titulo": "Carteira de Investimentos", "descricao": "O presente projeto consiste no desenvolvimento de uma aplicação em Kotlin para gestão de uma carteira de investimentos. A aplicação permite ao utilizador configurar a carteira, consultar os investimentos existentes, registar novos ativos, atualizar o valor de mercado, proceder à liquidação de posições e persistir a informação em ficheiros de texto. A implementação foi realizada de acordo com as restrições impostas pela unidade curricular, privilegiando o uso de estruturas fundamentais da programação, nomeadamente arrays, funções, estruturas de controlo e validação de dados. Adicionalmente, foi assegurada a organização modular do código e a correta manipulação de entrada/saída, bem como a persistência do estado da aplicação.", "conceitos_aplicados": "Programação em Kotlin; paradigma procedimental; decomposição em funções; manipulação de arrays; estruturas de controlo (condicionais e iterativas); validação de dados de entrada; leitura e escrita em ficheiros de texto; persistência de dados; manipulação de strings; cálculo de métricas financeiras (rentabilidade); organização modular e boas práticas de programação.", "tecnologias_resumo": "", "ano": 2025, "imagem": "projetos/Logo_da_carteira_de_investimentos.png", "video_demo": null, "github": "https://github.com/a22406303LeticiaFortes/CarteiradeInvestimentosFP2", "uc": 8, "tecnologias": [4], "competencias": [8]}}, {"model": "portfolioPWEB.projeto", "pk": 2, "fields": {"titulo": "AMS Project", "descricao": "Este projeto consiste no desenvolvimento de uma plataforma digital de gestão e monitorização de projetos AMS (Application Management Services), utilizando tecnologias Low-Code da Microsoft Power Platform, nomeadamente Power Apps, Power Automate e Power BI.\r\n\r\nA solução foi concebida com o objetivo de centralizar informação anteriormente dispersa por múltiplas ferramentas, permitindo uma gestão mais eficiente, integrada e orientada a dados. A aplicação possibilita a criação e gestão de projetos e tarefas, bem como a automatização de processos e a monitorização de indicadores de desempenho (KPIs) em tempo real.\r\n\r\nEntre as principais funcionalidades destacam-se a gestão de projetos e tarefas, visualização de dashboards analíticos, envio automático de notificações e suporte a diferentes metodologias de trabalho (Scrum, Tickets e Evolutive). A integração entre os vários componentes permite uma visão global do portfólio, facilitando a tomada de decisão e aumentando a transparência operacional.\r\n\r\nO projeto demonstra o potencial das soluções Low-Code na criação de aplicações empresariais completas, promovendo a eficiência, automatização de processos e melhoria contínua na gestão de projetos.", "conceitos_aplicados": "Desenvolvimento Low-Code com Microsoft Power Platform; construção de interfaces com Power Apps (Canvas Apps); automação de processos com Power Automate; criação de dashboards e análise de dados com Power BI; modelação e gestão de dados em SharePoint Lists; integração de sistemas e fluxos de informação; definição e cálculo de KPIs (ART, ARnT, SLA Compliance, Sprint Velocity, Budget Variance); gestão de projetos segundo diferentes metodologias (Scrum, Tickets e Evolutive); validação de requisitos funcionais; automação de notificações e eventos; organização e visualização de dados em tempo real; melhoria da tomada de decisão baseada em dados.", "tecnologias_resumo": "", "ano": 2025, "imagem": "projetos/Logo_do_Projeto_AMS.png", "video_demo": "https://drive.google.com/file/d/1DDZVyB83aUDxn-nVJcglXkvMZhfKN3EW/view?usp=drive_link", "github": null, "uc": 16, "tecnologias": [2, 17, 18, 19], "competencias": [1, 2, 4, 10, 13]}}, {"model": "portfolioPWEB.projeto", "pk": 3, "fields": {"titulo": "deisIMDB", "descricao": "Este projeto consiste no desenvolvimento de uma base de dados relacional inspirada no sistema IMDb, com o objetivo de armazenar, organizar e consultar informação sobre filmes, atores, realizadores e classificações.\r\n\r\nA solução foi concebida seguindo princípios de modelação de dados, permitindo representar entidades e relações de forma estruturada e eficiente. Foram implementadas funcionalidades de inserção, consulta e análise de dados, possibilitando a obtenção de informação relevante através de queries SQL.\r\n\r\nO projeto inclui a definição do esquema da base de dados, criação de tabelas, estabelecimento de chaves primárias e estrangeiras, bem como a execução de consultas que exploram relações entre entidades. Desta forma, é possível realizar pesquisas como filmes por género, avaliações, elenco associado e estatísticas sobre o conteúdo armazenado.\r\n\r\nEste trabalho demonstra a aplicação prática de conceitos fundamentais de bases de dados, evidenciando a importância da organização e integridade dos dados para suportar sistemas de informação eficientes.", "conceitos_aplicados": "Modelação de bases de dados relacionais; normalização de dados; definição de entidades e relacionamentos; criação de tabelas (DDL); manipulação de dados (DML); SQL (SELECT, INSERT, UPDATE, DELETE); utilização de JOINs; chaves primárias e estrangeiras; integridade referencial; consultas agregadas (COUNT, AVG, SUM); filtragem e ordenação de dados; estruturação eficiente de informação.", "tecnologias_resumo": "D", "ano": 2025, "imagem": "projetos/Logo_deisIMDB_.png", "video_demo": "https://drive.google.com/file/d/1KamtIrh1LQeuSoiHEZkFdJ4BzVjP46XQ/view?usp=drive_link", "github": "https://github.com/a22406303LeticiaFortes/deisiIMDB_BaseDados", "uc": 12, "tecnologias": [12, 13], "competencias": [1]}}, {"model": "portfolioPWEB.projeto", "pk": 4, "fields": {"titulo": "Portfólio Pessoal", "descricao": "Este projeto consiste no desenvolvimento de um portfólio pessoal web utilizando o framework Django. O objetivo é criar uma plataforma dinâmica onde seja possível apresentar o meu percurso académico, competências, projetos desenvolvidos e áreas de interesse.\r\n\r\nA aplicação permite gerir conteúdos através da interface de administração do Django, incluindo projetos, tecnologias, unidades curriculares, docentes e outras entidades relacionadas.\r\n\r\nO sistema segue uma arquitetura baseada em modelos (Models), vistas (Views) e templates (Templates), permitindo uma organização clara e escalável do código.\r\n\r\nEste portfólio funciona como uma ferramenta de apresentação profissional, permitindo demonstrar conhecimentos em desenvolvimento web, nomeadamente em backend com Django.", "conceitos_aplicados": "Desenvolvimento web com Django;Arquitetura MVC (Model-View-Template);Modelos e relações entre entidades (ForeignKey, ManyToMany);CRUD (Create, Read, Update, Delete);Interface de administração do Django;Templates HTML e renderização dinâmica;Gestão de base de dados", "tecnologias_resumo": "", "ano": 2026, "imagem": "projetos/icone_moderno_para_portfolio_pessoal.png", "video_demo": null, "github": "https://github.com/a22406303LeticiaFortes/projetoPortfolioPWEB", "uc": 20, "tecnologias": [9, 15], "competencias": [3, 4, 5, 13]}}, {"model": "portfolioPWEB.projeto", "pk": 5, "fields": {"titulo": "Portfolio Pessoal", "descricao": "TESTE", "conceitos_aplicados": "TESTE", "tecnologias_resumo": "TESTE", "ano": 2026, "imagem": "", "video_demo": "https://drive.google.com/file/d/1DDZVyB83aUDxn-nVJcglXkvMZhfKN3EW/view?usp=drive_link", "github": "https://github.com/a22406303LeticiaFortes/projetoPortfolioPWEB", "uc": 20, "tecnologias": [9, 15], "competencias": [10]}}, {"model": "portfolioPWEB.formacao", "pk": 1, "fields": {"nome": "Ensino Regular", "instituicao": "Escola Secundária Padre António Macedo", "tipo": "Curso de Ciências Socioeconómicas", "data_inicio": "2020-09-18", "data_fim": "2023-06-07", "logotipo": "formacoes/logo_espam.png", "competencias": [3]}}, {"model": "portfolioPWEB.makingof", "pk": 6, "fields": {"registo1": "makingof/IMG_8685_vrEkCoK.png", "registo2": "makingof/IMG_8686_lHjDea6.png", "etapas": "Etapa 1: Escolha das entidades e atributos", "decisoes": "Nesta fase inicial comecei por identificar as entidades principais pedidas no enunciado e os respetivos atributos, com o objetivo de fazer um levantamento o mais completo possível da informação necessária para a aplicação.\r\n\r\nAs entidades escolhidas foram:\r\n\r\n- Licenciatura\r\n- Unidade Curricular\r\n- Docente\r\n- Projeto\r\n- Tecnologia\r\n- TFC\r\n- Competência\r\n- Formação\r\n- MakingOf\r\n- Área de Interesse\r\n\r\nA entidade Área de Interesse foi incluída como entidade extra para enriquecer o portfolio com algo mais pessoal e a entidade Docente foi adicionada tambem por ter uma grande importância no contexto deste projeto.", "erros_encontrados": "Nesta primeira fase, alguns atributos foram definidos ainda de forma muito inicial e nem todos estavam totalmente ajustados.\r\n\r\nOs principais problemas encontrados foram:\r\n\r\n- considerar docentes como atributo da entidade Unidade Curricular, quando mais tarde percebi que faz mais sentido ser tratado como relação com a entidade Docente;\r\n- colocar em Projeto os atributos ano e data_realização, criando redundância;\r\n- alguns atributos estavam ainda demasiado genéricos e só depois foram refinados.", "correcoes": "As correções desta etapa ficaram pensadas para revisão posterior, nomeadamente:\r\n\r\n- retirar docentes como atributo de Unidade Curricular e tratá-lo como relação;\r\n- eliminar redundâncias na entidade Projeto, mantendo apenas a informação mais adequada;\r\n- rever alguns atributos para ficarem mais alinhados com o enunciado;\r\n\r\nEntidades/ Atributos Final: \r\nLicenciatura\r\n- nome : identifica o nome do curso\r\n- descrição : apresenta um resumo da licenciatura\r\n- creditos :indica o total de créditos do curso\r\n- semestres : mostra a duração da licenciatura\r\n- formato :caracteriza o regime do curso ( presencial/remoto)\r\n- website :contém a ligação oficial do curso\r\n- faculdade :identifica a escola ou faculdade a que pertence\r\n\r\nUnidade Curricular\r\n- id : identificador único da unidade curricular\r\n- nome : nome da unidade curricular\r\n- ano_curricular : indica em que ano do curso a UC se insere\r\n- creditos : representa os ECTS da UC\r\n- descrição : resume os conteúdos ou objetivos da UC\r\n- imagem : imagem associada à unidade curricular\r\n- docentes :professores associados à UC, inicialmente considerados como atributo\r\n- ligação_UC : link com informação adicional sobre a UC\r\n\r\nDocente\r\n- id : identificador único do docente\r\n- nome : nome do professor\r\n- email : contacto institucional\r\n- pagina_pessoal : ligação para a página pessoal do docente\r\n\r\nProjeto\r\n- titulo : identifica o nome do projeto\r\n- descrição : explica em que consiste o projeto\r\n- conceitos_aplicados :  mostra os conteúdos trabalhados no projeto\r\n- tecnologias_resumo :resume as tecnologias usadas\r\n- ano : indica o ano de realização\r\n- imagem : imagem ilustrativa do projeto\r\n- video_demo :demonstração do projeto, caso exista\r\n- github : ligação ao repositório\r\n\r\nTecnologia\r\n- nome : nome da tecnologia\r\n- tipo : categoria da tecnologia, como linguagem ou framework\r\n- descrição : explica o que é ou para que serve\r\n- logo : imagem representativa da tecnologia\r\n- website : ligação oficial\r\n- nivel_conhecimento : indica o grau de domínio da tecnologia\r\n- nivel_interesse: nivel de interesse que tenho \r\n\r\nTFC\r\n- titulo : nome do trabalho final de curso\r\n- autores : identifica quem realizou o trabalho\r\n- orientadores : indica os professores orientadores\r\n- ano :  ano do TFC\r\n- descrição : resumo do trabalho\r\n- link : ligação para o conteúdo associado\r\n- nivel_interesse :  indica o interesse pessoal no TFC\r\n\r\nCompetência\r\n- nome : nome da competência\r\n- tipo :  classificar a competência (hard skill/ soft skill)\r\n- descrição : explica em que consiste\r\n- nivel : representa o grau de domínio\r\n\r\nFormação\r\n- nome : nome da formação\r\n- instituição : entidade onde foi realizada\r\n- tipo :  tipo de formação\r\n- data_inicio :  início da formação\r\n- data_fim : conclusão da formação\r\n- logotipo : imagem da instituição ou curso\r\n\r\nMakingOf\r\n- registos : notas ou registos do processo\r\n- etapas : fases do desenvolvimento\r\n- decisoes : escolhas feitas ao longo do trabalho\r\n- erros_encontrados : problemas identificados\r\n- uso_IA : registo da utilização de inteligência artificial\r\n- justificação : explicação das opções tomadas\r\n- correções : alterações feitas após revisão\r\n\r\nÁrea de Interesse\r\n- nome : nome da área de interesse\r\n- descrição : explicação do que essa área inclui\r\n- categoria : classificação da área", "justificacao": "As alterações realizadas nesta fase tiveram como objetivo melhorar a definição inicial dos atributos e torná-los mais alinhados com o enunciado.\r\n\r\nNuma primeira abordagem, alguns atributos foram definidos de forma mais geral, com o objetivo de identificar toda a informação possível associada a cada entidade. No entanto, após uma análise mais cuidada, foi necessário rever alguns desses atributos para garantir maior coerência e adequação ao contexto da aplicação.\r\n\r\nEstas alterações permitiram tornar os atributos mais claros, mais relevantes e mais consistentes com a informação que se pretende representar, preparando assim a modelação para as etapas seguintes, onde seriam definidas as relações entre entidades e feita uma revisão mais aprofundada.", "uso_ia": "Nao utilizei.", "projeto": 4}}, {"model": "portfolioPWEB.makingof", "pk": 7, "fields": {"registo1": "makingof/IMG_8693.jpg", "registo2": "makingof/IMG_8692.jpg", "etapas": "Etapa 2: Relação e Cardinalidades entre entidades", "decisoes": "Nesta etapa defini as relações entre as entidades identificadas anteriormente e atribuí a cada uma a respetiva cardinalidade, de acordo com o significado de cada entidade no contexto da aplicação.\r\n\r\nAs relações consideradas foram:\r\n\r\nLicenciatura — Unidade Curricular\r\nLicenciatura — TFC\r\nUnidade Curricular — Docente\r\nUnidade Curricular — Projeto\r\nUnidade Curricular — Competência\r\nProjeto — Tecnologia\r\nProjeto — Competência\r\nProjeto — MakingOf\r\nTecnologia — Competência\r\nTecnologia — Unidade Curricular\r\nTecnologia — TFC\r\nFormação — Competência\r\nTFC — Competência\r\nÁrea de Interesse — Competência\r\n\r\nO objetivo foi perceber de que forma as entidades se ligam entre si e preparar a representação dessas ligações no diagrama E-R e posteriormente em Django.", "erros_encontrados": "Durante a definição inicial das relações, identifiquei algumas ligações e cardinalidades que depois percebi que não eram as mais corretas.\r\n\r\nOs principais erros encontrados foram:\r\n- tinha feito a relação Licenciatura - UC 1:N, e tem de ser N:N ;\r\n- inicialmente considerei relações repetidas, escrevendo a mesma ligação em sentidos diferentes;\r\n- cheguei a considerar a relação Licenciatura — Docente, mas concluí que não era relevante para o modelo;\r\n- também considerei a relação Formação — Tecnologia, mas depois percebi que não fazia muito sentido no contexto da aplicação;\r\n- inicialmente a relação entre Projeto e UC não estava bem pensada, tendo sido necessário corrigir a cardinalidade;\r\n- também foi necessário rever a relação entre TFC e Licenciatura para ficar coerente com a lógica do modelo.\r\n\r\nEsta revisão foi importante para eliminar redundâncias e manter apenas as relações que realmente acrescentavam valor à modelação.", "correcoes": "Depois da revisão, mantive apenas as relações finais sem repetições e com cardinalidades corrigidas.\r\n\r\nAs relações finais ficaram assim:\r\n\r\nLicenciatura N:N UC\r\nLicenciatura 1:N TFC\r\nUC N:M Docente\r\nUC 1:N Projeto\r\nUC N:M Competência\r\nProjeto N:M Tecnologia\r\nProjeto N:M Competência\r\nProjeto 1:N MakingOf\r\nTecnologia N:M Competência\r\nTecnologia N:M UC\r\nTecnologia N:M TFC\r\nFormação N:M Competência\r\nTFC N:M Competência\r\nÁrea de Interesse N:M Competência\r\n\r\nCom estas correções, a modelação ficou mais consistente, sem relações desnecessárias e mais alinhada com a estrutura real da aplicação.", "justificacao": "Licenciatura — Unidade Curricular N:N\r\n- Uma licenciatura pode ter várias unidades curriculares. Uma unidade curricular pode pertencer a várias licenciaturas.\r\n\r\nLicenciatura — TFC 1:N\r\nUma licenciatura pode ter vários TFCs. Cada TFC está associado a uma licenciatura.\r\n\r\nUnidade Curricular — Docente N:M\r\nUma unidade curricular pode ser lecionada por vários docentes. Um docente pode lecionar várias unidades curriculares.\r\n\r\nUnidade Curricular — Projeto 1:N\r\nUma unidade curricular pode dar origem a vários projetos. Cada projeto pertence ao contexto de uma única unidade curricular.\r\n\r\nUnidade Curricular — Competência  N:M\r\nUma unidade curricular desenvolve várias competências. Uma competência pode ser trabalhada em diferentes unidades curriculares.\r\n\r\nProjeto — Tecnologia N:M\r\nUm projeto pode utilizar várias tecnologias. Uma tecnologia pode ser usada em vários projetos.\r\n\r\nProjeto — Competência N:M\r\nUm projeto pode demonstrar várias competências. Uma competência pode ser aplicada em diferentes projetos.\r\n\r\nProjeto — MakingOf 1:N\r\nUm projeto pode ter vários registos de making of. Cada registo de making of pertence apenas a um projeto.\r\n\r\nTecnologia — Competência N:M\r\nUma tecnologia pode exigir várias competências para a sua utilização. Uma competência pode estar relacionada com diferentes tecnologias.\r\n\r\nTecnologia — Unidade Curricular N:M\r\nUma unidade curricular pode abordar várias tecnologias. Uma tecnologia pode ser ensinada em várias unidades curriculares.\r\n\r\nTecnologia — TFC N:M\r\nUm TFC pode utilizar várias tecnologias. Uma tecnologia pode aparecer em diferentes TFCs.\r\n\r\nFormação — Competência N:M\r\nUma formação pode contribuir para várias competências. Uma competência pode ser desenvolvida em várias formações.\r\n\r\nTFC — Competência N:M\r\nUm TFC pode envolver várias competências. Uma competência pode ser demonstrada em vários TFCs.\r\n\r\nÁrea de Interesse — Competência  N:M\r\nUma área de interesse pode estar ligada a várias competências. Uma competência pode estar relacionada com diferentes áreas de interesse.", "uso_ia": "Utilizei IA pra perceber se as relações q tinha feito estavam corretas.", "projeto": 4}}, {"model": "portfolioPWEB.makingof", "pk": 8, "fields": {"registo1": "makingof/IMG_8696.jpg", "registo2": "", "etapas": "Etapa 3: Diagrama E-R Inicial", "decisoes": "Nesta etapa elaborei o primeiro diagrama E-R , com base nas entidades, atributos e relações definidos nas etapas anteriores. Para perceber como fazer mais ou menos o digrama final! Porem nesta fase ainda estava muito incompleto!", "erros_encontrados": "Estava ainda muito incompleto!", "correcoes": "As correções estao feitas no digrama final!", "justificacao": "Foi so pra testar", "uso_ia": "Nesta etapa não usei IA para construir o diagrama E-R, ainda estava muito incompleto", "projeto": 4}}, {"model": "portfolioPWEB.makingof", "pk": 9, "fields": {"registo1": "makingof/scriptAPI.png", "registo2": "makingof/uc_atributosAtualizados.png", "etapas": "Etapa 5: Retificação de atributos após ScriptAPI", "decisoes": "Nesta etapa tentei analisar e utilizar o script da API fornecido pelo professor, com o objetivo de perceber melhor a estrutura dos dados reais e validar a modelação feita anteriormente.\r\n\r\nAo tentar executar o script, deparei-me com algumas dificuldades técnicas que impediram a sua correta utilização.  Tive de recorrer a um colega pra me fornecer a informação que estava no script do professor e com essa informação consegui perceber que  estava em falta alguns atributos da entidade Unidade Curricular.", "erros_encontrados": "Durante esta fase, o principal problema foi não conseguir executar corretamente o script da API, o que dificultou o acesso direto aos dados.\r\n\r\nAlém disso, identifiquei alguns problemas na modelação inicial:\r\n\r\n- alguns atributos não estavam bem ajustados à informação real;\r\n- existiam atributos demasiado genéricos;\r\n- algumas escolhas feitas na fase inicial não estavam totalmente coerentes com a estrutura esperada para implementação em Django;\r\n-dificuldade em perceber exatamente quais os atributos mais relevantes sem conseguir visualizar diretamente os dados da API.", "correcoes": "Após a rever a informação que estava no script da API, fiz várias alterações à modelação, especialmente na entidade Unidade Curricular, de forma a torná-la mais completa e mais alinhada com a informação real.\r\n\r\nForam acrescentados os seguintes atributos:\r\n\r\n- semestre — para indicar em que semestre a UC é lecionada\r\n- metodologia — para descrever a forma de ensino\r\n- objetivos — para indicar os objetivos da unidade curricular\r\n- programa — para detalhar os conteúdos abordados\r\n- avaliacao — para descrever os critérios de avaliação\r\n\r\nForam também realizadas alterações estruturais:\r\n\r\n- o atributo id foi substituído por codigo_uc, permitindo uma identificação mais específica e controlada\r\n-o atributo ligação_UC foi ajustado para link_uc, garantindo maior consistência na nomenclatura", "justificacao": "A introdução de novos atributos como semestre, metodologia, objetivos, programa e avaliação tornou a entidade Unidade Curricular mais completa e mais alinhada com a realidade académica.\r\n\r\nA alteração dos nomes dos atributos contribuiu para uma maior clareza e consistência do modelo, facilitando a sua leitura e implementação em Django.", "uso_ia": "Utilizei IA como apoio para confirmar a coerência da modelação, nomeadamente na análise das alterações feitas aos atributos e às relações entre entidades.\r\n\r\nA IA foi útil para validar se as escolhas realizadas faziam sentido do ponto de vista lógico e estrutural, ajudando a identificar possíveis inconsistências e a melhorar a clareza do modelo.", "projeto": 4}}, {"model": "portfolioPWEB.makingof", "pk": 10, "fields": {"registo1": "makingof/IMG_8697.jpg", "registo2": "", "etapas": "Etapa 4: Diagrama E-R Final", "decisoes": "Nesta etapa elaborei o diagrama E-R com base nas entidades, atributos e relações definidos nas etapas anteriores. O objetivo foi representar graficamente a estrutura da aplicação, de forma a visualizar melhor como as entidades se organizavam e como se ligavam entre si.\r\n\r\nNo diagrama incluí as entidades principais do projeto, os atributos considerados relevantes nessa fase e as relações com as respetivas cardinalidades. Esta representação foi importante para consolidar a modelação feita até então e para servir de apoio à compreensão global do sistema.", "erros_encontrados": "Os principais problemas identificados foram:\r\n\r\n- alguns atributos ainda estavam definidos de forma demasiado inicial;\r\n- algumas relações e cardinalidades ainda precisavam de validação mais rigorosa;\r\n- certos nomes de atributos ainda não estavam totalmente ajustados à futura implementação em Django;\r\n- o diagrama refletia a modelação existente naquele momento, mas ainda não tinha sido confrontado com a análise mais prática feita posteriormente através do script/API.", "correcoes": "Esta etapa permitiu identificar aspetos que mais tarde foram revistos e melhorados.\r\n\r\nA principal correção posterior resultou da necessidade de:\r\n\r\n- refinar alguns atributos;\r\n- melhorar a nomenclatura de certos campos;\r\n- ajustar relações que inicialmente estavam simplificadas;\r\n- atualizar a modelação após a análise mais prática da estrutura dos dados.\r\n\r\nAs correções foram depois feitas logo codigo do projeto!", "justificacao": "A elaboração deste diagrama E-R foi importante porque permitiu transformar a modelação textual das etapas anteriores numa representação visual mais clara e organizada.\r\n\r\nAtravés deste diagrama consegui:\r\n\r\n- representar as entidades principais da aplicação;\r\n- associar a cada entidade os atributos definidos até ao momento;\r\n- visualizar as relações entre entidades e as respetivas cardinalidades;\r\n-compreender melhor a estrutura global do modelo.", "uso_ia": "Nao utilizei.", "projeto": 4}}, {"model": "portfolioPWEB.areadeinteresse", "pk": 1, "fields": {"nome": "Basquetebol", "descricao": "Interesse pela prática e acompanhamento de basquetebol", "categoria": "Desporto", "competencias": [1]}}, {"model": "portfolioPWEB.areadeinteresse", "pk": 2, "fields": {"nome": "Ouvir Música", "descricao": "Interesse por ouvir música de diferentes estilos, contribuindo para o relaxamento, criatividade e concentração.", "categoria": "Lazer", "competencias": []}}, {"model": "escola.professor", "pk": 1, "fields": {"nome": "Lucio Studer Ferreira", "email": "lucio.studer@ulusofona.pt"}}, {"model": "escola.professor", "pk": 2, "fields": {"nome": "Pedro Perdigão", "email": "pedroperdigao@ulusofona.pt"}}, {"model": "escola.professor", "pk": 3, "fields": {"nome": "Luís Sousa", "email": "LuisSousa@ulusofona.pt"}}, {"model": "escola.aluno", "pk": 1, "fields": {"nome": "Leticia Fortes", "numero": "a22406303"}}, {"model": "escola.aluno", "pk": 2, "fields": {"nome": "João Maia", "numero": "a22503478"}}, {"model": "escola.aluno", "pk": 3, "fields": {"nome": "Tomás Santos", "numero": "a22406019"}}, {"model": "escola.aluno", "pk": 4, "fields": {"nome": "Daniel Pinto", "numero": "a22407006"}}, {"model": "escola.curso", "pk": 1, "fields": {"nome": "Django", "imagem": "cursos/django.png", "professor": 1, "alunos": [1, 2, 3, 4]}}, {"model": "escola.curso", "pk": 2, "fields": {"nome": "Next", "imagem": "cursos/next.png", "professor": 1, "alunos": [1, 2]}}, {"model": "escola.curso", "pk": 3, "fields": {"nome": "SpringBoot", "imagem": "cursos/springboot.png", "professor": 2, "alunos": [3, 4]}}, {"model": "escola.curso", "pk": 4, "fields": {"nome": "Vue", "imagem": "cursos/vue.png", "professor": 3, "alunos": [1]}}, {"model": "artigos.artigo", "pk": 1, "fields": {"titulo": "Django: O Framework que Simplifica o Desenvolvimento Web", "texto": "Django é um framework web de alto nível desenvolvido em Python que permite criar aplicações web de forma rápida, segura e organizada. Foi criado em 2003 e tornou-se uma das ferramentas mais populares para desenvolvimento web backend.\r\n\r\nA sua arquitetura MVT (Model-View-Template) separa claramente os dados, a lógica e a apresentação visual, tornando o código mais organizado e fácil de manter.\r\n\r\nUma das grandes vantagens do Django é o seu sistema de administração automático. Com apenas algumas linhas de código, é possível ter um painel de administração completo para gerir todos os dados da aplicação.\r\n\r\nNeste portfólio, o Django foi usado para gerir projetos, tecnologias, competências, formações e artigos — tudo de forma dinâmica e relacional.", "fotografia": "", "link_externo": "https://www.djangoproject.com", "data_criacao": "2026-05-02T23:17:48.076Z", "autor": 2}}, {"model": "artigos.like", "pk": 1, "fields": {"artigo": 1, "utilizador": 2, "ip": null, "data": "2026-05-02T23:18:36.079Z"}}, {"model": "artigos.comentario", "pk": 1, "fields": {"artigo": 1, "autor": 2, "texto": "perfeito!", "data": "2026-05-02T23:18:54.028Z"}}]
